<?xml version="1.0" encoding="UTF-8"?>
<FlexiPage xmlns="http://soap.sforce.com/2006/04/metadata">
    <flexiPageRegions>
        <itemInstances>
            <componentInstance>
                <componentInstanceProperties>
                    <name>collapsed</name>
                    <value>false</value>
                </componentInstanceProperties>
                <componentInstanceProperties>
                    <name>enableActionsConfiguration</name>
                    <value>false</value>
                </componentInstanceProperties>
                <componentInstanceProperties>
                    <name>enableActionsInNative</name>
                    <value>false</value>
                </componentInstanceProperties>
                <componentInstanceProperties>
                    <name>hideChatterActions</name>
                    <value>true</value>
                </componentInstanceProperties>
                <componentInstanceProperties>
                    <name>numVisibleActions</name>
                    <value>4</value>
                </componentInstanceProperties>
                <componentName>force:highlightsPanel</componentName>
            </componentInstance>
        </itemInstances>
        <name>header</name>
        <type>Region</type>
    </flexiPageRegions>
    <flexiPageRegions>
        <itemInstances>
            <componentInstance>
                <componentInstanceProperties>
                    <name>context</name>
                    <value>RECORD</value>
                </componentInstanceProperties>
                <componentName>forceChatter:exposedFeed</componentName>
            </componentInstance>
        </itemInstances>
        <name>Facet-95d4378c-9363-4442-a82b-b56bd054a554</name>
        <type>Facet</type>
    </flexiPageRegions>
    <flexiPageRegions>
        <itemInstances>
            <componentInstance>
                <componentName>force:detailPanel</componentName>
            </componentInstance>
        </itemInstances>
        <name>Facet-cf052d4b-1de0-42ef-9fdb-7c72eb1fa14d</name>
        <type>Facet</type>
    </flexiPageRegions>
    <flexiPageRegions>
        <itemInstances>
            <componentInstance>
                <componentInstanceProperties>
                    <name>relatedListComponentOverride</name>
                    <value>NONE</value>
                </componentInstanceProperties>
                <componentInstanceProperties>
                    <name>rowsToDisplay</name>
                    <value>10</value>
                </componentInstanceProperties>
                <componentInstanceProperties>
                    <name>showActionBar</name>
                    <value>true</value>
                </componentInstanceProperties>
                <componentName>force:relatedListContainer</componentName>
            </componentInstance>
        </itemInstances>
        <name>Facet-54721dcf-70d4-4de8-9016-5bfb448b659e</name>
        <type>Facet</type>
    </flexiPageRegions>
    <flexiPageRegions>
        <itemInstances>
            <componentInstance>
                <componentInstanceProperties>
                    <name>body</name>
                    <value>Facet-95d4378c-9363-4442-a82b-b56bd054a554</value>
                </componentInstanceProperties>
                <componentInstanceProperties>
                    <name>title</name>
                    <value>Standard.Tab.feed</value>
                </componentInstanceProperties>
                <componentName>flexipage:tab</componentName>
            </componentInstance>
        </itemInstances>
        <itemInstances>
            <componentInstance>
                <componentInstanceProperties>
                    <name>active</name>
                    <value>true</value>
                </componentInstanceProperties>
                <componentInstanceProperties>
                    <name>body</name>
                    <value>Facet-cf052d4b-1de0-42ef-9fdb-7c72eb1fa14d</value>
                </componentInstanceProperties>
                <componentInstanceProperties>
                    <name>title</name>
                    <value>Standard.Tab.detail</value>
                </componentInstanceProperties>
                <componentName>flexipage:tab</componentName>
            </componentInstance>
        </itemInstances>
        <itemInstances>
            <componentInstance>
                <componentInstanceProperties>
                    <name>active</name>
                    <value>false</value>
                </componentInstanceProperties>
                <componentInstanceProperties>
                    <name>body</name>
                    <value>Facet-54721dcf-70d4-4de8-9016-5bfb448b659e</value>
                </componentInstanceProperties>
                <componentInstanceProperties>
                    <name>title</name>
                    <value>Standard.Tab.relatedLists</value>
                </componentInstanceProperties>
                <componentName>flexipage:tab</componentName>
            </componentInstance>
        </itemInstances>
        <name>Facet-7c5580b4-fb47-4e1b-bc67-571ef7835ceb</name>
        <type>Facet</type>
    </flexiPageRegions>
    <flexiPageRegions>
        <itemInstances>
            <componentInstance>
                <componentInstanceProperties>
                    <name>tabs</name>
                    <value>Facet-7c5580b4-fb47-4e1b-bc67-571ef7835ceb</value>
                </componentInstanceProperties>
                <componentName>flexipage:tabset</componentName>
            </componentInstance>
        </itemInstances>
        <name>main</name>
        <type>Region</type>
    </flexiPageRegions>
    <flexiPageRegions>
        <itemInstances>
            <componentInstance>
                <componentInstanceProperties>
                    <name>parentFieldApiName</name>
                    <value>Accounting_Notes__c.Id</value>
                </componentInstanceProperties>
                <componentInstanceProperties>
                    <name>relatedListApiName</name>
                    <value>AttachedContentDocuments</value>
                </componentInstanceProperties>
                <componentInstanceProperties>
                    <name>relatedListComponentOverride</name>
                    <value>NONE</value>
                </componentInstanceProperties>
                <componentInstanceProperties>
                    <name>rowsToDisplay</name>
                    <value>10</value>
                </componentInstanceProperties>
                <componentInstanceProperties>
                    <name>showActionBar</name>
                    <value>true</value>
                </componentInstanceProperties>
                <componentName>force:relatedListSingleContainer</componentName>
            </componentInstance>
        </itemInstances>
        <itemInstances>
            <componentInstance>
                <componentInstanceProperties>
                    <name>parentFieldApiName</name>
                    <value>Accounting_Notes__c.Id</value>
                </componentInstanceProperties>
                <componentInstanceProperties>
                    <name>relatedListApiName</name>
                    <value>ProcessSteps</value>
                </componentInstanceProperties>
                <componentInstanceProperties>
                    <name>relatedListComponentOverride</name>
                    <value>NONE</value>
                </componentInstanceProperties>
                <componentInstanceProperties>
                    <name>rowsToDisplay</name>
                    <value>10</value>
                </componentInstanceProperties>
                <componentInstanceProperties>
                    <name>showActionBar</name>
                    <value>true</value>
                </componentInstanceProperties>
                <componentName>force:relatedListSingleContainer</componentName>
            </componentInstance>
        </itemInstances>
        <itemInstances>
            <componentInstance>
                <componentInstanceProperties>
                    <name>parentFieldApiName</name>
                    <value>Accounting_Notes__c.Id</value>
                </componentInstanceProperties>
                <componentInstanceProperties>
                    <name>relatedListApiName</name>
                    <value>Deductions__r</value>
                </componentInstanceProperties>
                <componentInstanceProperties>
                    <name>relatedListComponentOverride</name>
                    <value>NONE</value>
                </componentInstanceProperties>
                <componentInstanceProperties>
                    <name>rowsToDisplay</name>
                    <value>10</value>
                </componentInstanceProperties>
                <componentInstanceProperties>
                    <name>showActionBar</name>
                    <value>true</value>
                </componentInstanceProperties>
                <componentName>force:relatedListSingleContainer</componentName>
            </componentInstance>
        </itemInstances>
        <name>sidebar</name>
        <type>Region</type>
    </flexiPageRegions>
    <masterLabel>Accounting Note Record Page</masterLabel>
    <sobjectType>Accounting_Notes__c</sobjectType>
    <template>
        <name>flexipage:recordHomeTemplateDesktop</name>
        <properties>
            <name>actionNames</name>
        </properties>
        <properties>
            <name>enablePageActionConfig</name>
            <value>false</value>
        </properties>
    </template>
    <type>RecordPage</type>
</FlexiPage>
