<?xml version="1.0" encoding="UTF-8"?>
<FlexiPage xmlns="http://soap.sforce.com/2006/04/metadata">
    <flexiPageRegions>
        <itemInstances>
            <componentInstance>
                <componentInstanceProperties>
                    <name>actionNames</name>
                    <valueList>
                        <valueListItems>
                            <value>FeedItem.TextPost</value>
                        </valueListItems>
                        <valueListItems>
                            <value>Case.Post_a_Comment</value>
                        </valueListItems>
                    </valueList>
                </componentInstanceProperties>
                <componentInstanceProperties>
                    <name>collapsed</name>
                    <value>false</value>
                </componentInstanceProperties>
                <componentInstanceProperties>
                    <name>enableActionsConfiguration</name>
                    <value>true</value>
                </componentInstanceProperties>
                <componentInstanceProperties>
                    <name>enableActionsInNative</name>
                    <value>false</value>
                </componentInstanceProperties>
                <componentInstanceProperties>
                    <name>hideChatterActions</name>
                    <value>false</value>
                </componentInstanceProperties>
                <componentInstanceProperties>
                    <name>numVisibleActions</name>
                    <value>3</value>
                </componentInstanceProperties>
                <componentName>force:highlightsPanel</componentName>
            </componentInstance>
        </itemInstances>
        <mode>Replace</mode>
        <name>header</name>
        <type>Region</type>
    </flexiPageRegions>
    <flexiPageRegions>
        <itemInstances>
            <componentInstance>
                <componentInstanceProperties>
                    <name>context</name>
                    <value>RECORD</value>
                </componentInstanceProperties>
                <componentName>forceChatter:exposedFeed</componentName>
            </componentInstance>
        </itemInstances>
        <name>Facet-f4ccc0b8-1d90-454b-8eae-10b385b9de0c</name>
        <type>Facet</type>
    </flexiPageRegions>
    <flexiPageRegions>
        <itemInstances>
            <componentInstance>
                <componentInstanceProperties>
                    <name>context</name>
                    <value>RECORD</value>
                </componentInstanceProperties>
                <componentName>forceChatter:publisher</componentName>
            </componentInstance>
        </itemInstances>
        <mode>Replace</mode>
        <name>feedTabContent</name>
        <type>Facet</type>
    </flexiPageRegions>
    <flexiPageRegions>
        <itemInstances>
            <componentInstance>
                <componentName>force:detailPanel</componentName>
            </componentInstance>
        </itemInstances>
        <name>Facet-89c74296-841c-4727-b10b-d7f056f1e8c9</name>
        <type>Facet</type>
    </flexiPageRegions>
    <flexiPageRegions>
        <itemInstances>
            <componentInstance>
                <componentName>runtime_sales_activities:activityPanel</componentName>
            </componentInstance>
        </itemInstances>
        <name>Facet-55005d14-0348-4dac-b2fd-d34b93c3111e</name>
        <type>Facet</type>
    </flexiPageRegions>
    <flexiPageRegions>
        <itemInstances>
            <componentInstance>
                <componentInstanceProperties>
                    <name>active</name>
                    <value>false</value>
                </componentInstanceProperties>
                <componentInstanceProperties>
                    <name>body</name>
                    <value>Facet-f4ccc0b8-1d90-454b-8eae-10b385b9de0c</value>
                </componentInstanceProperties>
                <componentInstanceProperties>
                    <name>title</name>
                    <value>Standard.Tab.feed</value>
                </componentInstanceProperties>
                <componentName>flexipage:tab</componentName>
            </componentInstance>
        </itemInstances>
        <itemInstances>
            <componentInstance>
                <componentInstanceProperties>
                    <name>active</name>
                    <value>false</value>
                </componentInstanceProperties>
                <componentInstanceProperties>
                    <name>body</name>
                    <value>feedTabContent</value>
                </componentInstanceProperties>
                <componentInstanceProperties>
                    <name>title</name>
                    <value>Standard.Tab.collaborate</value>
                </componentInstanceProperties>
                <componentName>flexipage:tab</componentName>
            </componentInstance>
        </itemInstances>
        <itemInstances>
            <componentInstance>
                <componentInstanceProperties>
                    <name>active</name>
                    <value>true</value>
                </componentInstanceProperties>
                <componentInstanceProperties>
                    <name>body</name>
                    <value>Facet-89c74296-841c-4727-b10b-d7f056f1e8c9</value>
                </componentInstanceProperties>
                <componentInstanceProperties>
                    <name>title</name>
                    <value>Standard.Tab.detail</value>
                </componentInstanceProperties>
                <componentName>flexipage:tab</componentName>
            </componentInstance>
        </itemInstances>
        <itemInstances>
            <componentInstance>
                <componentInstanceProperties>
                    <name>body</name>
                    <value>Facet-55005d14-0348-4dac-b2fd-d34b93c3111e</value>
                </componentInstanceProperties>
                <componentInstanceProperties>
                    <name>title</name>
                    <value>Standard.Tab.activity</value>
                </componentInstanceProperties>
                <componentName>flexipage:tab</componentName>
            </componentInstance>
        </itemInstances>
        <mode>Replace</mode>
        <name>tabs</name>
        <type>Facet</type>
    </flexiPageRegions>
    <flexiPageRegions>
        <itemInstances>
            <componentInstance>
                <componentInstanceProperties>
                    <name>tabs</name>
                    <value>tabs</value>
                </componentInstanceProperties>
                <componentName>flexipage:tabset</componentName>
            </componentInstance>
        </itemInstances>
        <itemInstances>
            <componentInstance>
                <componentInstanceProperties>
                    <name>relatedListComponentOverride</name>
                    <value>NONE</value>
                </componentInstanceProperties>
                <componentInstanceProperties>
                    <name>rowsToDisplay</name>
                    <value>10</value>
                </componentInstanceProperties>
                <componentInstanceProperties>
                    <name>showActionBar</name>
                    <value>true</value>
                </componentInstanceProperties>
                <componentName>force:relatedListContainer</componentName>
            </componentInstance>
        </itemInstances>
        <mode>Replace</mode>
        <name>main</name>
        <type>Region</type>
    </flexiPageRegions>
    <flexiPageRegions>
        <itemInstances>
            <componentInstance>
                <componentInstanceProperties>
                    <name>hideMarkCompleteButton</name>
                    <value>true</value>
                </componentInstanceProperties>
                <componentName>support:milestones</componentName>
            </componentInstance>
        </itemInstances>
        <itemInstances>
            <componentInstance>
                <componentName>forceKnowledge:articleSearchDesktop</componentName>
            </componentInstance>
        </itemInstances>
        <itemInstances>
            <componentInstance>
                <componentInstanceProperties>
                    <name>createQuickActionName</name>
                    <value>NewContact</value>
                </componentInstanceProperties>
                <componentInstanceProperties>
                    <name>lookupFieldName</name>
                    <value>Case.ContactId</value>
                </componentInstanceProperties>
                <componentInstanceProperties>
                    <name>updateQuickActionName</name>
                    <value>Contact._LightningRelatedContact</value>
                </componentInstanceProperties>
                <componentName>console:relatedRecord</componentName>
            </componentInstance>
        </itemInstances>
        <itemInstances>
            <componentInstance>
                <componentInstanceProperties>
                    <name>lookupFieldName</name>
                    <value>Case.Course__c</value>
                </componentInstanceProperties>
                <componentInstanceProperties>
                    <name>updateQuickActionName</name>
                    <value>Course__c.Update_Case_Course</value>
                </componentInstanceProperties>
                <componentName>console:relatedRecord</componentName>
            </componentInstance>
        </itemInstances>
        <itemInstances>
            <componentInstance>
                <componentInstanceProperties>
                    <name>parentFieldApiName</name>
                    <value>Case.Id</value>
                </componentInstanceProperties>
                <componentInstanceProperties>
                    <name>relatedListApiName</name>
                    <value>EmailMessages</value>
                </componentInstanceProperties>
                <componentInstanceProperties>
                    <name>relatedListComponentOverride</name>
                    <value>NONE</value>
                </componentInstanceProperties>
                <componentInstanceProperties>
                    <name>rowsToDisplay</name>
                    <value>10</value>
                </componentInstanceProperties>
                <componentInstanceProperties>
                    <name>showActionBar</name>
                    <value>true</value>
                </componentInstanceProperties>
                <componentName>force:relatedListSingleContainer</componentName>
            </componentInstance>
        </itemInstances>
        <itemInstances>
            <componentInstance>
                <componentInstanceProperties>
                    <name>parentFieldApiName</name>
                    <value>Case.Id</value>
                </componentInstanceProperties>
                <componentInstanceProperties>
                    <name>relatedListApiName</name>
                    <value>CaseComments</value>
                </componentInstanceProperties>
                <componentInstanceProperties>
                    <name>relatedListComponentOverride</name>
                    <value>NONE</value>
                </componentInstanceProperties>
                <componentName>force:relatedListSingleContainer</componentName>
            </componentInstance>
        </itemInstances>
        <itemInstances>
            <componentInstance>
                <componentInstanceProperties>
                    <name>parentFieldApiName</name>
                    <value>Case.Id</value>
                </componentInstanceProperties>
                <componentInstanceProperties>
                    <name>relatedListApiName</name>
                    <value>AttachedContentDocuments</value>
                </componentInstanceProperties>
                <componentInstanceProperties>
                    <name>relatedListComponentOverride</name>
                    <value>NONE</value>
                </componentInstanceProperties>
                <componentInstanceProperties>
                    <name>rowsToDisplay</name>
                    <value>10</value>
                </componentInstanceProperties>
                <componentInstanceProperties>
                    <name>showActionBar</name>
                    <value>true</value>
                </componentInstanceProperties>
                <componentName>force:relatedListSingleContainer</componentName>
            </componentInstance>
        </itemInstances>
        <mode>Replace</mode>
        <name>sidebar</name>
        <type>Region</type>
    </flexiPageRegions>
    <masterLabel>Case Record Page</masterLabel>
    <parentFlexiPage>sfa__Case_rec_L</parentFlexiPage>
    <sobjectType>Case</sobjectType>
    <template>
        <name>flexipage:recordHomeTemplateDesktop</name>
    </template>
    <type>RecordPage</type>
</FlexiPage>
