<?xml version="1.0" encoding="UTF-8"?>
<FlexiPage xmlns="http://soap.sforce.com/2006/04/metadata">
    <flexiPageRegions>
        <itemInstances>
            <componentInstance>
                <componentInstanceProperties>
                    <name>collapsed</name>
                    <value>false</value>
                </componentInstanceProperties>
                <componentInstanceProperties>
                    <name>enableActionsConfiguration</name>
                    <value>false</value>
                </componentInstanceProperties>
                <componentInstanceProperties>
                    <name>enableActionsInNative</name>
                    <value>false</value>
                </componentInstanceProperties>
                <componentInstanceProperties>
                    <name>hideChatterActions</name>
                    <value>false</value>
                </componentInstanceProperties>
                <componentInstanceProperties>
                    <name>numVisibleActions</name>
                    <value>3</value>
                </componentInstanceProperties>
                <componentName>force:highlightsPanel</componentName>
            </componentInstance>
        </itemInstances>
        <name>header</name>
        <type>Region</type>
    </flexiPageRegions>
    <flexiPageRegions>
        <itemInstances>
            <componentInstance>
                <componentInstanceProperties>
                    <name>context</name>
                    <value>RECORD</value>
                </componentInstanceProperties>
                <componentName>forceChatter:exposedFeed</componentName>
            </componentInstance>
        </itemInstances>
        <name>Facet-9af4a0ed-eade-488d-8b6e-fcb09935a285</name>
        <type>Facet</type>
    </flexiPageRegions>
    <flexiPageRegions>
        <itemInstances>
            <componentInstance>
                <componentName>force:detailPanel</componentName>
            </componentInstance>
        </itemInstances>
        <name>Facet-52fff0bc-4906-4d04-b040-dad63cfc23f3</name>
        <type>Facet</type>
    </flexiPageRegions>
    <flexiPageRegions>
        <itemInstances>
            <componentInstance>
                <componentInstanceProperties>
                    <name>active</name>
                    <value>false</value>
                </componentInstanceProperties>
                <componentInstanceProperties>
                    <name>body</name>
                    <value>Facet-9af4a0ed-eade-488d-8b6e-fcb09935a285</value>
                </componentInstanceProperties>
                <componentInstanceProperties>
                    <name>title</name>
                    <value>Standard.Tab.feed</value>
                </componentInstanceProperties>
                <componentName>flexipage:tab</componentName>
            </componentInstance>
        </itemInstances>
        <itemInstances>
            <componentInstance>
                <componentInstanceProperties>
                    <name>active</name>
                    <value>true</value>
                </componentInstanceProperties>
                <componentInstanceProperties>
                    <name>body</name>
                    <value>Facet-52fff0bc-4906-4d04-b040-dad63cfc23f3</value>
                </componentInstanceProperties>
                <componentInstanceProperties>
                    <name>title</name>
                    <value>Standard.Tab.detail</value>
                </componentInstanceProperties>
                <componentName>flexipage:tab</componentName>
            </componentInstance>
        </itemInstances>
        <name>Facet-83cd4cc8-cce8-42c0-9e3c-b619e4af1afe</name>
        <type>Facet</type>
    </flexiPageRegions>
    <flexiPageRegions>
        <itemInstances>
            <componentInstance>
                <componentInstanceProperties>
                    <name>tabs</name>
                    <value>Facet-83cd4cc8-cce8-42c0-9e3c-b619e4af1afe</value>
                </componentInstanceProperties>
                <componentName>flexipage:tabset</componentName>
            </componentInstance>
        </itemInstances>
        <name>main</name>
        <type>Region</type>
    </flexiPageRegions>
    <flexiPageRegions>
        <itemInstances>
            <componentInstance>
                <componentInstanceProperties>
                    <name>relatedListComponentOverride</name>
                    <value>NONE</value>
                </componentInstanceProperties>
                <componentInstanceProperties>
                    <name>rowsToDisplay</name>
                    <value>10</value>
                </componentInstanceProperties>
                <componentInstanceProperties>
                    <name>showActionBar</name>
                    <value>true</value>
                </componentInstanceProperties>
                <componentName>force:relatedListContainer</componentName>
            </componentInstance>
        </itemInstances>
        <name>sidebar</name>
        <type>Region</type>
    </flexiPageRegions>
    <masterLabel>Category Record Page</masterLabel>
    <sobjectType>Category__c</sobjectType>
    <template>
        <name>flexipage:recordHomeTemplateDesktop</name>
        <properties>
            <name>enablePageActionConfig</name>
            <value>false</value>
        </properties>
    </template>
    <type>RecordPage</type>
</FlexiPage>
