<?xml version="1.0" encoding="UTF-8"?>
<FlexiPage xmlns="http://soap.sforce.com/2006/04/metadata">
    <flexiPageRegions>
        <itemInstances>
            <componentInstance>
                <componentInstanceProperties>
                    <name>collapsed</name>
                    <value>false</value>
                </componentInstanceProperties>
                <componentInstanceProperties>
                    <name>enableActionsConfiguration</name>
                    <value>false</value>
                </componentInstanceProperties>
                <componentInstanceProperties>
                    <name>enableActionsInNative</name>
                    <value>false</value>
                </componentInstanceProperties>
                <componentInstanceProperties>
                    <name>hideChatterActions</name>
                    <value>true</value>
                </componentInstanceProperties>
                <componentInstanceProperties>
                    <name>numVisibleActions</name>
                    <value>8</value>
                </componentInstanceProperties>
                <componentName>force:highlightsPanel</componentName>
            </componentInstance>
        </itemInstances>
        <name>header</name>
        <type>Region</type>
    </flexiPageRegions>
    <flexiPageRegions>
        <itemInstances>
            <componentInstance>
                <componentInstanceProperties>
                    <name>context</name>
                    <value>RECORD</value>
                </componentInstanceProperties>
                <componentName>forceChatter:exposedFeed</componentName>
            </componentInstance>
        </itemInstances>
        <name>Facet-0a6f4815-6146-4b73-a69a-2c17faa82676</name>
        <type>Facet</type>
    </flexiPageRegions>
    <flexiPageRegions>
        <itemInstances>
            <componentInstance>
                <componentName>force:detailPanel</componentName>
            </componentInstance>
        </itemInstances>
        <name>Facet-2e4890ed-67dd-410c-9dfd-8a98b5fdbd46</name>
        <type>Facet</type>
    </flexiPageRegions>
    <flexiPageRegions>
        <itemInstances>
            <componentInstance>
                <componentInstanceProperties>
                    <name>relatedListComponentOverride</name>
                    <value>NONE</value>
                </componentInstanceProperties>
                <componentInstanceProperties>
                    <name>rowsToDisplay</name>
                    <value>10</value>
                </componentInstanceProperties>
                <componentInstanceProperties>
                    <name>showActionBar</name>
                    <value>true</value>
                </componentInstanceProperties>
                <componentName>force:relatedListContainer</componentName>
            </componentInstance>
        </itemInstances>
        <name>Facet-1bd83ef9-f5be-4b78-9747-1817ea6264cd</name>
        <type>Facet</type>
    </flexiPageRegions>
    <flexiPageRegions>
        <itemInstances>
            <componentInstance>
                <componentInstanceProperties>
                    <name>body</name>
                    <value>Facet-0a6f4815-6146-4b73-a69a-2c17faa82676</value>
                </componentInstanceProperties>
                <componentInstanceProperties>
                    <name>title</name>
                    <value>Standard.Tab.feed</value>
                </componentInstanceProperties>
                <componentName>flexipage:tab</componentName>
            </componentInstance>
        </itemInstances>
        <itemInstances>
            <componentInstance>
                <componentInstanceProperties>
                    <name>active</name>
                    <value>true</value>
                </componentInstanceProperties>
                <componentInstanceProperties>
                    <name>body</name>
                    <value>Facet-2e4890ed-67dd-410c-9dfd-8a98b5fdbd46</value>
                </componentInstanceProperties>
                <componentInstanceProperties>
                    <name>title</name>
                    <value>Standard.Tab.detail</value>
                </componentInstanceProperties>
                <componentName>flexipage:tab</componentName>
            </componentInstance>
        </itemInstances>
        <itemInstances>
            <componentInstance>
                <componentInstanceProperties>
                    <name>active</name>
                    <value>false</value>
                </componentInstanceProperties>
                <componentInstanceProperties>
                    <name>body</name>
                    <value>Facet-1bd83ef9-f5be-4b78-9747-1817ea6264cd</value>
                </componentInstanceProperties>
                <componentInstanceProperties>
                    <name>title</name>
                    <value>Standard.Tab.relatedLists</value>
                </componentInstanceProperties>
                <componentName>flexipage:tab</componentName>
            </componentInstance>
        </itemInstances>
        <name>Facet-a9ba8dd9-c571-402f-8728-3b425edab5c0</name>
        <type>Facet</type>
    </flexiPageRegions>
    <flexiPageRegions>
        <itemInstances>
            <componentInstance>
                <componentInstanceProperties>
                    <name>tabs</name>
                    <value>Facet-a9ba8dd9-c571-402f-8728-3b425edab5c0</value>
                </componentInstanceProperties>
                <componentName>flexipage:tabset</componentName>
            </componentInstance>
        </itemInstances>
        <name>main</name>
        <type>Region</type>
    </flexiPageRegions>
    <flexiPageRegions>
        <itemInstances>
            <componentInstance>
                <componentName>SSGIntegrationComponent</componentName>
                <visibilityRule>
                    <booleanFilter>1 OR 2</booleanFilter>
                    <criteria>
                        <leftValue>{!Record.CourseRecordType__c}</leftValue>
                        <operator>EQUAL</operator>
                        <rightValue>Funded_Course</rightValue>
                    </criteria>
                    <criteria>
                        <leftValue>{!Record.CourseRecordType__c}</leftValue>
                        <operator>EQUAL</operator>
                        <rightValue>Course</rightValue>
                    </criteria>
                </visibilityRule>
            </componentInstance>
        </itemInstances>
        <itemInstances>
            <componentInstance>
                <componentInstanceProperties>
                    <name>parentFieldApiName</name>
                    <value>Course_Run__c.Id</value>
                </componentInstanceProperties>
                <componentInstanceProperties>
                    <name>relatedListApiName</name>
                    <value>Course_Registrations__r</value>
                </componentInstanceProperties>
                <componentInstanceProperties>
                    <name>relatedListComponentOverride</name>
                    <value>NONE</value>
                </componentInstanceProperties>
                <componentInstanceProperties>
                    <name>rowsToDisplay</name>
                    <value>10</value>
                </componentInstanceProperties>
                <componentInstanceProperties>
                    <name>showActionBar</name>
                    <value>true</value>
                </componentInstanceProperties>
                <componentName>force:relatedListSingleContainer</componentName>
            </componentInstance>
        </itemInstances>
        <itemInstances>
            <componentInstance>
                <componentInstanceProperties>
                    <name>parentFieldApiName</name>
                    <value>Course_Run__c.Id</value>
                </componentInstanceProperties>
                <componentInstanceProperties>
                    <name>relatedListApiName</name>
                    <value>Course_Run_Instructors__r</value>
                </componentInstanceProperties>
                <componentInstanceProperties>
                    <name>relatedListComponentOverride</name>
                    <value>NONE</value>
                </componentInstanceProperties>
                <componentInstanceProperties>
                    <name>rowsToDisplay</name>
                    <value>10</value>
                </componentInstanceProperties>
                <componentInstanceProperties>
                    <name>showActionBar</name>
                    <value>true</value>
                </componentInstanceProperties>
                <componentName>force:relatedListSingleContainer</componentName>
            </componentInstance>
        </itemInstances>
        <itemInstances>
            <componentInstance>
                <componentInstanceProperties>
                    <name>height</name>
                    <value>200</value>
                </componentInstanceProperties>
                <componentInstanceProperties>
                    <name>label</name>
                </componentInstanceProperties>
                <componentInstanceProperties>
                    <name>pageName</name>
                    <value>Course_Survey_Anonymous</value>
                </componentInstanceProperties>
                <componentInstanceProperties>
                    <name>showLabel</name>
                    <value>true</value>
                </componentInstanceProperties>
                <componentName>flexipage:visualforcePage</componentName>
            </componentInstance>
        </itemInstances>
        <itemInstances>
            <componentInstance>
                <componentInstanceProperties>
                    <name>parentFieldApiName</name>
                    <value>Course_Run__c.Id</value>
                </componentInstanceProperties>
                <componentInstanceProperties>
                    <name>relatedListApiName</name>
                    <value>AttachedContentDocuments</value>
                </componentInstanceProperties>
                <componentInstanceProperties>
                    <name>relatedListComponentOverride</name>
                    <value>NONE</value>
                </componentInstanceProperties>
                <componentInstanceProperties>
                    <name>rowsToDisplay</name>
                    <value>10</value>
                </componentInstanceProperties>
                <componentInstanceProperties>
                    <name>showActionBar</name>
                    <value>true</value>
                </componentInstanceProperties>
                <componentName>force:relatedListSingleContainer</componentName>
            </componentInstance>
        </itemInstances>
        <itemInstances>
            <componentInstance>
                <componentInstanceProperties>
                    <name>bEnableDownloadAll</name>
                    <value>true</value>
                </componentInstanceProperties>
                <componentInstanceProperties>
                    <name>bEnableFilter</name>
                    <value>true</value>
                </componentInstanceProperties>
                <componentInstanceProperties>
                    <name>bEnableSelect</name>
                    <value>true</value>
                </componentInstanceProperties>
                <componentInstanceProperties>
                    <name>buttonLabel</name>
                    <value>Download All</value>
                </componentInstanceProperties>
                <componentInstanceProperties>
                    <name>buttonLabelv2</name>
                    <value>Select</value>
                </componentInstanceProperties>
                <componentInstanceProperties>
                    <name>iconName</name>
                    <value>standard:document</value>
                </componentInstanceProperties>
                <componentInstanceProperties>
                    <name>stCommunity</name>
                </componentInstanceProperties>
                <componentInstanceProperties>
                    <name>title</name>
                    <value>Smart Download</value>
                </componentInstanceProperties>
                <componentName>sfds:sfds_CmpRelatedList</componentName>
            </componentInstance>
        </itemInstances>
        <name>sidebar</name>
        <type>Region</type>
    </flexiPageRegions>
    <masterLabel>Course Run Lightning Record Page</masterLabel>
    <sobjectType>Course_Run__c</sobjectType>
    <template>
        <name>flexipage:recordHomeTemplateDesktop</name>
        <properties>
            <name>enablePageActionConfig</name>
            <value>false</value>
        </properties>
    </template>
    <type>RecordPage</type>
</FlexiPage>
