<?xml version="1.0" encoding="UTF-8"?>
<FlexiPage xmlns="http://soap.sforce.com/2006/04/metadata">
    <flexiPageRegions>
        <itemInstances>
            <componentInstance>
                <componentName>runtime_sales_activities:todayTaskContainer</componentName>
            </componentInstance>
        </itemInstances>
        <name>top</name>
        <type>Region</type>
    </flexiPageRegions>
    <flexiPageRegions>
        <itemInstances>
            <componentInstance>
                <componentInstanceProperties>
                    <name>entityNames</name>
                    <valueList>
                        <valueListItems>
                            <value>Contact</value>
                        </valueListItems>
                    </valueList>
                </componentInstanceProperties>
                <componentInstanceProperties>
                    <name>label</name>
                    <value>Recent Contacts</value>
                </componentInstanceProperties>
                <componentInstanceProperties>
                    <name>maxRecords</name>
                    <value>5</value>
                </componentInstanceProperties>
                <componentName>flexipage:recentItems</componentName>
            </componentInstance>
        </itemInstances>
        <name>bottomLeft</name>
        <type>Region</type>
    </flexiPageRegions>
    <flexiPageRegions>
        <itemInstances>
            <componentInstance>
                <componentName>home:eventContainer</componentName>
            </componentInstance>
        </itemInstances>
        <itemInstances>
            <componentInstance>
                <componentInstanceProperties>
                    <name>enableInlineEdit</name>
                    <value>true</value>
                </componentInstanceProperties>
                <componentInstanceProperties>
                    <name>entityName</name>
                    <value>Account</value>
                </componentInstanceProperties>
                <componentInstanceProperties>
                    <name>filterName</name>
                    <value>MyAccounts</value>
                </componentInstanceProperties>
                <componentInstanceProperties>
                    <name>hideActionBar</name>
                    <value>false</value>
                </componentInstanceProperties>
                <componentInstanceProperties>
                    <name>hideSearchBar</name>
                    <value>false</value>
                </componentInstanceProperties>
                <componentInstanceProperties>
                    <name>pageSize</name>
                    <value>10</value>
                </componentInstanceProperties>
                <componentName>flexipage:filterListCard</componentName>
            </componentInstance>
        </itemInstances>
        <name>bottomRight</name>
        <type>Region</type>
    </flexiPageRegions>
    <flexiPageRegions>
        <itemInstances>
            <componentInstance>
                <componentName>home:assistant</componentName>
            </componentInstance>
        </itemInstances>
        <itemInstances>
            <componentInstance>
                <componentInstanceProperties>
                    <name>numberOfTopics</name>
                    <value>5</value>
                </componentInstanceProperties>
                <componentInstanceProperties>
                    <name>title</name>
                    <value>Test</value>
                </componentInstanceProperties>
                <componentName>forceChatter:trendingTopics</componentName>
            </componentInstance>
        </itemInstances>
        <name>sidebar</name>
        <type>Region</type>
    </flexiPageRegions>
    <masterLabel>Getting Started Home</masterLabel>
    <template>
        <name>home:desktopTemplate</name>
    </template>
    <type>HomePage</type>
</FlexiPage>
