<?xml version="1.0" encoding="UTF-8"?>
<FlexiPage xmlns="http://soap.sforce.com/2006/04/metadata">
    <flexiPageRegions>
        <itemInstances>
            <componentInstance>
                <componentInstanceProperties>
                    <name>collapsed</name>
                    <value>false</value>
                </componentInstanceProperties>
                <componentInstanceProperties>
                    <name>enableActionsConfiguration</name>
                    <value>false</value>
                </componentInstanceProperties>
                <componentInstanceProperties>
                    <name>enableActionsInNative</name>
                    <value>false</value>
                </componentInstanceProperties>
                <componentInstanceProperties>
                    <name>hideChatterActions</name>
                    <value>false</value>
                </componentInstanceProperties>
                <componentInstanceProperties>
                    <name>numVisibleActions</name>
                    <value>3</value>
                </componentInstanceProperties>
                <componentName>force:highlightsPanel</componentName>
            </componentInstance>
        </itemInstances>
        <mode>Replace</mode>
        <name>header</name>
        <type>Region</type>
    </flexiPageRegions>
    <flexiPageRegions>
        <itemInstances>
            <componentInstance>
                <componentInstanceProperties>
                    <name>context</name>
                    <value>RECORD</value>
                </componentInstanceProperties>
                <componentName>forceChatter:exposedFeed</componentName>
            </componentInstance>
        </itemInstances>
        <name>Facet-4c5756b0-3bd1-4ef0-8ff1-027bb63bad1a</name>
        <type>Facet</type>
    </flexiPageRegions>
    <flexiPageRegions>
        <itemInstances>
            <componentInstance>
                <componentName>force:detailPanel</componentName>
            </componentInstance>
        </itemInstances>
        <mode>Replace</mode>
        <name>detailTabContent</name>
        <type>Facet</type>
    </flexiPageRegions>
    <flexiPageRegions>
        <itemInstances>
            <componentInstance>
                <componentInstanceProperties>
                    <name>body</name>
                    <value>Facet-4c5756b0-3bd1-4ef0-8ff1-027bb63bad1a</value>
                </componentInstanceProperties>
                <componentInstanceProperties>
                    <name>title</name>
                    <value>Standard.Tab.detail</value>
                </componentInstanceProperties>
                <componentName>flexipage:tab</componentName>
            </componentInstance>
        </itemInstances>
        <itemInstances>
            <componentInstance>
                <componentInstanceProperties>
                    <name>active</name>
                    <value>false</value>
                </componentInstanceProperties>
                <componentInstanceProperties>
                    <name>body</name>
                    <value>detailTabContent</value>
                </componentInstanceProperties>
                <componentInstanceProperties>
                    <name>title</name>
                    <value>Standard.Tab.detail</value>
                </componentInstanceProperties>
                <componentName>flexipage:tab</componentName>
            </componentInstance>
        </itemInstances>
        <mode>Replace</mode>
        <name>maintabs</name>
        <type>Facet</type>
    </flexiPageRegions>
    <flexiPageRegions>
        <itemInstances>
            <componentInstance>
                <componentInstanceProperties>
                    <name>tabs</name>
                    <value>maintabs</value>
                </componentInstanceProperties>
                <componentName>flexipage:tabset</componentName>
            </componentInstance>
        </itemInstances>
        <mode>Replace</mode>
        <name>main</name>
        <type>Region</type>
    </flexiPageRegions>
    <flexiPageRegions>
        <itemInstances>
            <componentInstance>
                <componentInstanceProperties>
                    <name>parentFieldApiName</name>
                    <value>Learner_Funding__c.Id</value>
                </componentInstanceProperties>
                <componentInstanceProperties>
                    <name>relatedListApiName</name>
                    <value>AttachedContentDocuments</value>
                </componentInstanceProperties>
                <componentInstanceProperties>
                    <name>relatedListComponentOverride</name>
                    <value>NONE</value>
                </componentInstanceProperties>
                <componentInstanceProperties>
                    <name>rowsToDisplay</name>
                    <value>10</value>
                </componentInstanceProperties>
                <componentInstanceProperties>
                    <name>showActionBar</name>
                    <value>true</value>
                </componentInstanceProperties>
                <componentName>force:relatedListSingleContainer</componentName>
            </componentInstance>
        </itemInstances>
        <mode>Replace</mode>
        <name>sidebar</name>
        <type>Region</type>
    </flexiPageRegions>
    <masterLabel>Learner Funding Record Page</masterLabel>
    <parentFlexiPage>flexipage__default_rec_L</parentFlexiPage>
    <sobjectType>Learner_Funding__c</sobjectType>
    <template>
        <name>flexipage:recordHomeTemplateDesktop</name>
    </template>
    <type>RecordPage</type>
</FlexiPage>
