<?xml version="1.0" encoding="UTF-8"?>
<AppMenu xmlns="http://soap.sforce.com/2006/04/metadata">
    <appMenuItems>
        <name>standard__Platform</name>
        <type>CustomApplication</type>
    </appMenuItems>
    <appMenuItems>
        <name>standard__Sales</name>
        <type>CustomApplication</type>
    </appMenuItems>
    <appMenuItems>
        <name>standard__Chatter</name>
        <type>CustomApplication</type>
    </appMenuItems>
    <appMenuItems>
        <name>standard__Marketing</name>
        <type>CustomApplication</type>
    </appMenuItems>
    <appMenuItems>
        <name>standard__Service</name>
        <type>CustomApplication</type>
    </appMenuItems>
    <appMenuItems>
        <name>standard__Community</name>
        <type>CustomApplication</type>
    </appMenuItems>
    <appMenuItems>
        <name>standard__ServiceConsole</name>
        <type>CustomApplication</type>
    </appMenuItems>
    <appMenuItems>
        <name>standard__LightningSales</name>
        <type>CustomApplication</type>
    </appMenuItems>
    <appMenuItems>
        <name>Sales_Leadership</name>
        <type>CustomApplication</type>
    </appMenuItems>
    <appMenuItems>
        <name>Lead_Generation</name>
        <type>CustomApplication</type>
    </appMenuItems>
    <appMenuItems>
        <name>Sales_Operations</name>
        <type>CustomApplication</type>
    </appMenuItems>
    <appMenuItems>
        <name>Relationship_Management</name>
        <type>CustomApplication</type>
    </appMenuItems>
    <appMenuItems>
        <name>standard__LightningSalesConsole</name>
        <type>CustomApplication</type>
    </appMenuItems>
    <appMenuItems>
        <name>standard__LightningInstrumentation</name>
        <type>CustomApplication</type>
    </appMenuItems>
    <appMenuItems>
        <name>standard__LightningBolt</name>
        <type>CustomApplication</type>
    </appMenuItems>
    <appMenuItems>
        <name>CPQIntegrationUserApp</name>
        <type>ConnectedApp</type>
    </appMenuItems>
    <appMenuItems>
        <name>standard__SalesforceCMS</name>
        <type>CustomApplication</type>
    </appMenuItems>
    <appMenuItems>
        <name>lightningbuddy__Lightning_Buddy</name>
        <type>CustomApplication</type>
    </appMenuItems>
    <appMenuItems>
        <name>standard__AppLauncher</name>
        <type>CustomApplication</type>
    </appMenuItems>
    <appMenuItems>
        <name>standard__AllTabSet</name>
        <type>CustomApplication</type>
    </appMenuItems>
    <appMenuItems>
        <name>standard__LightningService</name>
        <type>CustomApplication</type>
    </appMenuItems>
    <appMenuItems>
        <name>standard__OnlineSales</name>
        <type>CustomApplication</type>
    </appMenuItems>
    <appMenuItems>
        <name>enqr__ENQr</name>
        <type>CustomApplication</type>
    </appMenuItems>
    <appMenuItems>
        <name>SIM_Digital_Console</name>
        <type>CustomApplication</type>
    </appMenuItems>
    <appMenuItems>
        <name>Mulesoft_Anypoint</name>
        <type>ConnectedApp</type>
    </appMenuItems>
    <appMenuItems>
        <name>Dataloader_Bulk</name>
        <type>ConnectedApp</type>
    </appMenuItems>
    <appMenuItems>
        <name>Dataloader_Partner</name>
        <type>ConnectedApp</type>
    </appMenuItems>
    <appMenuItems>
        <name>Forcecom_IDE</name>
        <type>ConnectedApp</type>
    </appMenuItems>
    <appMenuItems>
        <name>Forcecom_Migration_Tool</name>
        <type>ConnectedApp</type>
    </appMenuItems>
    <appMenuItems>
        <name>Salesforce_Mobile_Dashboards</name>
        <type>ConnectedApp</type>
    </appMenuItems>
    <appMenuItems>
        <name>Salesforce_Touch</name>
        <type>ConnectedApp</type>
    </appMenuItems>
    <appMenuItems>
        <name>Salesforce_for_Outlook</name>
        <type>ConnectedApp</type>
    </appMenuItems>
    <appMenuItems>
        <name>Workbench</name>
        <type>ConnectedApp</type>
    </appMenuItems>
    <appMenuItems>
        <name>Chatter_Desktop</name>
        <type>ConnectedApp</type>
    </appMenuItems>
    <appMenuItems>
        <name>Chatter_for_Android</name>
        <type>ConnectedApp</type>
    </appMenuItems>
    <appMenuItems>
        <name>Chatter_for_BlackBerry</name>
        <type>ConnectedApp</type>
    </appMenuItems>
    <appMenuItems>
        <name>Chatter_for_iOS</name>
        <type>ConnectedApp</type>
    </appMenuItems>
    <appMenuItems>
        <name>Salesforce1_for_Windows</name>
        <type>ConnectedApp</type>
    </appMenuItems>
    <appMenuItems>
        <name>SalesforceA</name>
        <type>ConnectedApp</type>
    </appMenuItems>
    <appMenuItems>
        <name>Salesforce_Chatterbox</name>
        <type>ConnectedApp</type>
    </appMenuItems>
    <appMenuItems>
        <name>Inbound_Connected_App</name>
        <type>ConnectedApp</type>
    </appMenuItems>
    <appMenuItems>
        <name>standard__Insights</name>
        <type>CustomApplication</type>
    </appMenuItems>
    <appMenuItems>
        <name>SGUS_Data_Input</name>
        <type>CustomApplication</type>
    </appMenuItems>
    <appMenuItems>
        <name>slackv2__Slack_Setup</name>
        <type>CustomApplication</type>
    </appMenuItems>
    <appMenuItems>
        <name>Slack</name>
        <type>ConnectedApp</type>
    </appMenuItems>
    <appMenuItems>
        <name>standard__LightningScheduler</name>
        <type>CustomApplication</type>
    </appMenuItems>
    <appMenuItems>
        <name>OIQ_Integration</name>
        <type>ConnectedApp</type>
    </appMenuItems>
    <appMenuItems>
        <name>Salesforce_Marketing_Cloud</name>
        <type>ConnectedApp</type>
    </appMenuItems>
    <appMenuItems>
        <name>SIM_HR_Profiling</name>
        <type>CustomApplication</type>
    </appMenuItems>
    <appMenuItems>
        <name>standard__DataManager</name>
        <type>CustomApplication</type>
    </appMenuItems>
    <appMenuItems>
        <name>Salesforce_to_SalesforceIQ_Secure_Connected_App</name>
        <type>ConnectedApp</type>
    </appMenuItems>
</AppMenu>
