<?xml version="1.0" encoding="UTF-8"?>
<CustomMetadata xmlns="http://soap.sforce.com/2006/04/metadata" xmlns:xsi="http://www.w3.org/2001/XMLSchema-instance" xmlns:xsd="http://www.w3.org/2001/XMLSchema">
    <label>ePayment Account No SIM</label>
    <protected>false</protected>
    <values>
        <field>Course_Provider__c</field>
        <value xsi:type="xsd:string">SIM</value>
    </values>
    <values>
        <field>ePayment_Account_No__c</field>
        <value xsi:type="xsd:string">210428001</value>
    </values>
</CustomMetadata>
