<?xml version="1.0" encoding="UTF-8"?>
<CustomMetadata xmlns="http://soap.sforce.com/2006/04/metadata" xmlns:xsi="http://www.w3.org/2001/XMLSchema-instance" xmlns:xsd="http://www.w3.org/2001/XMLSchema">
    <label>5</label>
    <protected>false</protected>
    <values>
        <field>Alphabet__c</field>
        <value xsi:type="xsd:string">Q</value>
    </values>
    <values>
        <field>Check_Digit__c</field>
        <value xsi:type="xsd:double">5.0</value>
    </values>
    <values>
        <field>Initial_Letter__c</field>
        <value xsi:type="xsd:string">F</value>
    </values>
</CustomMetadata>
