<?xml version="1.0" encoding="UTF-8"?>
<DuplicateRule xmlns="http://soap.sforce.com/2006/04/metadata" xmlns:xsi="http://www.w3.org/2001/XMLSchema-instance">
    <actionOnInsert>Block</actionOnInsert>
    <actionOnUpdate>Block</actionOnUpdate>
    <alertText>Duplicate Record found. Within the same Tranche, there cannot be duplicate email or mobile no. Please check for duplicates and retry.</alertText>
    <description xsi:nil="true"/>
    <duplicateRuleFilter>
        <booleanFilter>1 AND (2 OR 3)</booleanFilter>
        <duplicateRuleFilterItems>
            <field>Tranche__c</field>
            <operation>notEqual</operation>
            <value></value>
            <sortOrder>1</sortOrder>
            <table>SG_US_Data_Input__c</table>
        </duplicateRuleFilterItems>
        <duplicateRuleFilterItems>
            <field>Email__c</field>
            <operation>notEqual</operation>
            <value></value>
            <sortOrder>2</sortOrder>
            <table>SG_US_Data_Input__c</table>
        </duplicateRuleFilterItems>
        <duplicateRuleFilterItems>
            <field>Mobile_No__c</field>
            <operation>notEqual</operation>
            <value></value>
            <sortOrder>3</sortOrder>
            <table>SG_US_Data_Input__c</table>
        </duplicateRuleFilterItems>
    </duplicateRuleFilter>
    <duplicateRuleMatchRules>
        <matchRuleSObjectType>SG_US_Data_Input__c</matchRuleSObjectType>
        <matchingRule>SSG_Unique_check_matching_rule</matchingRule>
        <objectMapping xsi:nil="true"/>
    </duplicateRuleMatchRules>
    <isActive>true</isActive>
    <masterLabel>SG US Unique check</masterLabel>
    <securityOption>EnforceSharingRules</securityOption>
    <sortOrder>1</sortOrder>
</DuplicateRule>
