<?xml version="1.0" encoding="UTF-8"?>
<DuplicateRule xmlns="http://soap.sforce.com/2006/04/metadata" xmlns:xsi="http://www.w3.org/2001/XMLSchema-instance">
    <actionOnInsert>Block</actionOnInsert>
    <actionOnUpdate>Block</actionOnUpdate>
    <alertText>Duplicate Record found. There cannot be duplicate email or mobile no. Please check for duplicates and retry.</alertText>
    <description xsi:nil="true"/>
    <duplicateRuleFilter>
        <booleanFilter>1 OR 2</booleanFilter>
        <duplicateRuleFilterItems>
            <field>Email__c</field>
            <operation>notEqual</operation>
            <value></value>
            <sortOrder>1</sortOrder>
            <table>SG_US_Log_Input__c</table>
        </duplicateRuleFilterItems>
        <duplicateRuleFilterItems>
            <field>Mobile_No__c</field>
            <operation>notEqual</operation>
            <value></value>
            <sortOrder>2</sortOrder>
            <table>SG_US_Log_Input__c</table>
        </duplicateRuleFilterItems>
    </duplicateRuleFilter>
    <duplicateRuleMatchRules>
        <matchRuleSObjectType>SG_US_Log_Input__c</matchRuleSObjectType>
        <matchingRule>SGUS_Log_Unique</matchingRule>
        <objectMapping xsi:nil="true"/>
    </duplicateRuleMatchRules>
    <isActive>true</isActive>
    <masterLabel>SGUS Log Duplicate Rule</masterLabel>
    <securityOption>EnforceSharingRules</securityOption>
    <sortOrder>1</sortOrder>
</DuplicateRule>
