<?xml version="1.0" encoding="UTF-8"?>
<ApprovalProcess xmlns="http://soap.sforce.com/2006/04/metadata">
    <active>false</active>
    <allowRecall>true</allowRecall>
    <allowedSubmitters>
        <type>creator</type>
    </allowedSubmitters>
    <allowedSubmitters>
        <type>owner</type>
    </allowedSubmitters>
    <approvalPageFields>
        <field>Name</field>
        <field>Owner</field>
        <field>Amount__c</field>
        <field>Invoice__c</field>
    </approvalPageFields>
    <approvalStep>
        <allowDelegate>true</allowDelegate>
        <approvalActions>
            <action>
                <name>Approver1_Comment_c</name>
                <type>FieldUpdate</type>
            </action>
            <action>
                <name>Approver1_Date_c</name>
                <type>FieldUpdate</type>
            </action>
            <action>
                <name>Approver1_Role_c</name>
                <type>FieldUpdate</type>
            </action>
            <action>
                <name>Approver1_Status_c</name>
                <type>FieldUpdate</type>
            </action>
            <action>
                <name>Send_Approval_Notification_to_Submitter</name>
                <type>Alert</type>
            </action>
            <action>
                <name>Update_Approver1_c</name>
                <type>FieldUpdate</type>
            </action>
        </approvalActions>
        <assignedApprover>
            <approver>
                <name>sengkimee@sim.edu.sg</name>
                <type>user</type>
            </approver>
            <whenMultipleApprovers>FirstResponse</whenMultipleApprovers>
        </assignedApprover>
        <label>Step 1</label>
        <name>Step_1</name>
        <rejectionActions>
            <action>
                <name>Approver1_Comment_c</name>
                <type>FieldUpdate</type>
            </action>
            <action>
                <name>Approver1_Date_c</name>
                <type>FieldUpdate</type>
            </action>
            <action>
                <name>Approver1_Role_c</name>
                <type>FieldUpdate</type>
            </action>
            <action>
                <name>Approver1_Status_Rejection</name>
                <type>FieldUpdate</type>
            </action>
            <action>
                <name>Update_Approver1_c</name>
                <type>FieldUpdate</type>
            </action>
        </rejectionActions>
    </approvalStep>
    <approvalStep>
        <allowDelegate>true</allowDelegate>
        <approvalActions>
            <action>
                <name>Approver2_Comment_c</name>
                <type>FieldUpdate</type>
            </action>
            <action>
                <name>Approver2_Date_c</name>
                <type>FieldUpdate</type>
            </action>
            <action>
                <name>Approver2_Role_c</name>
                <type>FieldUpdate</type>
            </action>
            <action>
                <name>Approver2_Status_c</name>
                <type>FieldUpdate</type>
            </action>
            <action>
                <name>Send_Approval_Notification_to_Submitter</name>
                <type>Alert</type>
            </action>
            <action>
                <name>Update_Approver2_c</name>
                <type>FieldUpdate</type>
            </action>
        </approvalActions>
        <assignedApprover>
            <approver>
                <name>sharonkoh@sim.edu.sg</name>
                <type>user</type>
            </approver>
            <whenMultipleApprovers>FirstResponse</whenMultipleApprovers>
        </assignedApprover>
        <entryCriteria>
            <booleanFilter>1 OR 2</booleanFilter>
            <criteriaItems>
                <field>Accounting_Notes__c.Amount__c</field>
                <operation>greaterThan</operation>
                <value>5000</value>
            </criteriaItems>
            <criteriaItems>
                <field>Accounting_Notes__c.Amount__c</field>
                <operation>lessThan</operation>
                <value>-5000</value>
            </criteriaItems>
        </entryCriteria>
        <ifCriteriaNotMet>ApproveRecord</ifCriteriaNotMet>
        <label>Step 2</label>
        <name>Step_2</name>
        <rejectBehavior>
            <type>RejectRequest</type>
        </rejectBehavior>
        <rejectionActions>
            <action>
                <name>Approver2_Comment_c</name>
                <type>FieldUpdate</type>
            </action>
            <action>
                <name>Approver2_Date_c</name>
                <type>FieldUpdate</type>
            </action>
            <action>
                <name>Approver2_Role_c</name>
                <type>FieldUpdate</type>
            </action>
            <action>
                <name>Approver2_Status_Rejection</name>
                <type>FieldUpdate</type>
            </action>
            <action>
                <name>Update_Approver2_c</name>
                <type>FieldUpdate</type>
            </action>
        </rejectionActions>
    </approvalStep>
    <approvalStep>
        <allowDelegate>true</allowDelegate>
        <approvalActions>
            <action>
                <name>Approver3_Comment_c</name>
                <type>FieldUpdate</type>
            </action>
            <action>
                <name>Approver3_Date_c</name>
                <type>FieldUpdate</type>
            </action>
            <action>
                <name>Approver3_Role_c</name>
                <type>FieldUpdate</type>
            </action>
            <action>
                <name>Approver3_Status_c</name>
                <type>FieldUpdate</type>
            </action>
            <action>
                <name>Send_Approval_Notification_to_Submitter</name>
                <type>Alert</type>
            </action>
            <action>
                <name>Update_Approver3_c</name>
                <type>FieldUpdate</type>
            </action>
        </approvalActions>
        <assignedApprover>
            <approver>
                <name>kevynyong@sim.edu.sg</name>
                <type>user</type>
            </approver>
            <whenMultipleApprovers>FirstResponse</whenMultipleApprovers>
        </assignedApprover>
        <entryCriteria>
            <booleanFilter>1 OR 2</booleanFilter>
            <criteriaItems>
                <field>Accounting_Notes__c.Amount__c</field>
                <operation>greaterThan</operation>
                <value>50000</value>
            </criteriaItems>
            <criteriaItems>
                <field>Accounting_Notes__c.Amount__c</field>
                <operation>lessThan</operation>
                <value>-50000</value>
            </criteriaItems>
        </entryCriteria>
        <ifCriteriaNotMet>ApproveRecord</ifCriteriaNotMet>
        <label>Step 3</label>
        <name>Step_3</name>
        <rejectBehavior>
            <type>RejectRequest</type>
        </rejectBehavior>
        <rejectionActions>
            <action>
                <name>Approver3_Comment_c</name>
                <type>FieldUpdate</type>
            </action>
            <action>
                <name>Approver3_Date_c</name>
                <type>FieldUpdate</type>
            </action>
            <action>
                <name>Approver3_Role_c</name>
                <type>FieldUpdate</type>
            </action>
            <action>
                <name>Approver3_Status_Rejection</name>
                <type>FieldUpdate</type>
            </action>
            <action>
                <name>Update_Approver3_c</name>
                <type>FieldUpdate</type>
            </action>
        </rejectionActions>
    </approvalStep>
    <approvalStep>
        <allowDelegate>true</allowDelegate>
        <approvalActions>
            <action>
                <name>Approver4_Comment_c</name>
                <type>FieldUpdate</type>
            </action>
            <action>
                <name>Approver4_Date_c</name>
                <type>FieldUpdate</type>
            </action>
            <action>
                <name>Approver4_Role_c</name>
                <type>FieldUpdate</type>
            </action>
            <action>
                <name>Approver4_Status_c</name>
                <type>FieldUpdate</type>
            </action>
            <action>
                <name>Send_Approval_Notification_to_Submitter</name>
                <type>Alert</type>
            </action>
            <action>
                <name>Update_Approver4_c</name>
                <type>FieldUpdate</type>
            </action>
        </approvalActions>
        <assignedApprover>
            <approver>
                <name>seahchinsiong@sim.edu.sg</name>
                <type>user</type>
            </approver>
            <whenMultipleApprovers>FirstResponse</whenMultipleApprovers>
        </assignedApprover>
        <entryCriteria>
            <booleanFilter>1 OR 2</booleanFilter>
            <criteriaItems>
                <field>Accounting_Notes__c.Amount__c</field>
                <operation>greaterThan</operation>
                <value>200000</value>
            </criteriaItems>
            <criteriaItems>
                <field>Accounting_Notes__c.Amount__c</field>
                <operation>lessThan</operation>
                <value>-200000</value>
            </criteriaItems>
        </entryCriteria>
        <label>Step 4</label>
        <name>Step_4</name>
        <rejectBehavior>
            <type>RejectRequest</type>
        </rejectBehavior>
        <rejectionActions>
            <action>
                <name>Approver4_Comment_c</name>
                <type>FieldUpdate</type>
            </action>
            <action>
                <name>Approver4_Date_c</name>
                <type>FieldUpdate</type>
            </action>
            <action>
                <name>Approver4_Role_c</name>
                <type>FieldUpdate</type>
            </action>
            <action>
                <name>Approver4_Status_Rejection</name>
                <type>FieldUpdate</type>
            </action>
            <action>
                <name>Update_Approver4_c</name>
                <type>FieldUpdate</type>
            </action>
        </rejectionActions>
    </approvalStep>
    <emailTemplate>SIM_Email_Templates/SIM_Approval_Rejection_Email_Template</emailTemplate>
    <enableMobileDeviceAccess>false</enableMobileDeviceAccess>
    <entryCriteria>
        <criteriaItems>
            <field>Accounting_Notes__c.Amount__c</field>
            <operation>notEqual</operation>
            <value>0</value>
        </criteriaItems>
        <criteriaItems>
            <field>Accounting_Notes__c.Bad_Debt__c</field>
            <operation>equals</operation>
            <value>True</value>
        </criteriaItems>
        <criteriaItems>
            <field>Accounting_Notes__c.Internal_Approval_Status__c</field>
            <operation>equals</operation>
            <value>Draft</value>
        </criteriaItems>
    </entryCriteria>
    <finalApprovalActions>
        <action>
            <name>Internally_Approved</name>
            <type>FieldUpdate</type>
        </action>
    </finalApprovalActions>
    <finalApprovalRecordLock>false</finalApprovalRecordLock>
    <finalRejectionActions>
        <action>
            <name>Internally_Rejected</name>
            <type>FieldUpdate</type>
        </action>
        <action>
            <name>Send_Reject_Email_Submitter</name>
            <type>Alert</type>
        </action>
    </finalRejectionActions>
    <finalRejectionRecordLock>false</finalRejectionRecordLock>
    <initialSubmissionActions>
        <action>
            <name>Submitter_Comment_c</name>
            <type>FieldUpdate</type>
        </action>
        <action>
            <name>Update_Internal_Approval_to_Pending</name>
            <type>FieldUpdate</type>
        </action>
        <action>
            <name>Update_Submitter_c</name>
            <type>FieldUpdate</type>
        </action>
        <action>
            <name>Update_Submitter_Date_c</name>
            <type>FieldUpdate</type>
        </action>
        <action>
            <name>Update_Submitter_Role</name>
            <type>FieldUpdate</type>
        </action>
        <action>
            <name>Update_Submitter_Status_c</name>
            <type>FieldUpdate</type>
        </action>
    </initialSubmissionActions>
    <label>Bad Debt Approval Process</label>
    <processOrder>2</processOrder>
    <recallActions>
        <action>
            <name>Update_Internal_Approval_to_Draft</name>
            <type>FieldUpdate</type>
        </action>
    </recallActions>
    <recordEditability>AdminOnly</recordEditability>
    <showApprovalHistory>false</showApprovalHistory>
</ApprovalProcess>
