<?xml version="1.0" encoding="UTF-8"?>
<ApprovalProcess xmlns="http://soap.sforce.com/2006/04/metadata">
    <active>false</active>
    <allowRecall>true</allowRecall>
    <allowedSubmitters>
        <type>owner</type>
    </allowedSubmitters>
    <approvalPageFields>
        <field>Name</field>
        <field>Owner</field>
    </approvalPageFields>
    <approvalStep>
        <allowDelegate>true</allowDelegate>
        <approvalActions>
            <action>
                <name>Approver1_Comment_c</name>
                <type>FieldUpdate</type>
            </action>
            <action>
                <name>Approver1_Date_c</name>
                <type>FieldUpdate</type>
            </action>
            <action>
                <name>Approver1_Role_c</name>
                <type>FieldUpdate</type>
            </action>
            <action>
                <name>Approver1_Status_c</name>
                <type>FieldUpdate</type>
            </action>
            <action>
                <name>Send_Approval_Notification_to_Submitter</name>
                <type>Alert</type>
            </action>
            <action>
                <name>Update_Approver1_c</name>
                <type>FieldUpdate</type>
            </action>
        </approvalActions>
        <assignedApprover>
            <approver>
                <name>Manager_Approvers</name>
                <type>queue</type>
            </approver>
            <whenMultipleApprovers>FirstResponse</whenMultipleApprovers>
        </assignedApprover>
        <entryCriteria>
            <booleanFilter>(1 AND 2) OR (3 AND 4)</booleanFilter>
            <criteriaItems>
                <field>Accounting_Notes__c.Amount__c</field>
                <operation>greaterThan</operation>
                <value>0</value>
            </criteriaItems>
            <criteriaItems>
                <field>Accounting_Notes__c.Bad_Debt__c</field>
                <operation>equals</operation>
                <value>False</value>
            </criteriaItems>
            <criteriaItems>
                <field>Accounting_Notes__c.Amount__c</field>
                <operation>greaterThan</operation>
                <value>0</value>
            </criteriaItems>
            <criteriaItems>
                <field>Accounting_Notes__c.Bad_Debt__c</field>
                <operation>equals</operation>
                <value>True</value>
            </criteriaItems>
        </entryCriteria>
        <ifCriteriaNotMet>ApproveRecord</ifCriteriaNotMet>
        <label>Manager&apos;s Approval</label>
        <name>Manager_s_Approval</name>
        <rejectionActions>
            <action>
                <name>Approver1_Comment_c</name>
                <type>FieldUpdate</type>
            </action>
            <action>
                <name>Approver1_Date_c</name>
                <type>FieldUpdate</type>
            </action>
            <action>
                <name>Approver1_Role_c</name>
                <type>FieldUpdate</type>
            </action>
            <action>
                <name>Approver1_Status_Rejection</name>
                <type>FieldUpdate</type>
            </action>
            <action>
                <name>Update_Approver1_c</name>
                <type>FieldUpdate</type>
            </action>
        </rejectionActions>
    </approvalStep>
    <approvalStep>
        <allowDelegate>false</allowDelegate>
        <approvalActions>
            <action>
                <name>Approver2_Comment_c</name>
                <type>FieldUpdate</type>
            </action>
            <action>
                <name>Approver2_Date_c</name>
                <type>FieldUpdate</type>
            </action>
            <action>
                <name>Approver2_Role_c</name>
                <type>FieldUpdate</type>
            </action>
            <action>
                <name>Approver2_Status_c</name>
                <type>FieldUpdate</type>
            </action>
            <action>
                <name>Send_Approval_Notification_to_Submitter</name>
                <type>Alert</type>
            </action>
            <action>
                <name>Update_Approver2_c</name>
                <type>FieldUpdate</type>
            </action>
        </approvalActions>
        <assignedApprover>
            <approver>
                <name>Director_Approvers</name>
                <type>queue</type>
            </approver>
            <whenMultipleApprovers>FirstResponse</whenMultipleApprovers>
        </assignedApprover>
        <entryCriteria>
            <booleanFilter>(1 AND 2) OR (3 AND 4)</booleanFilter>
            <criteriaItems>
                <field>Accounting_Notes__c.Amount__c</field>
                <operation>greaterThan</operation>
                <value>5000</value>
            </criteriaItems>
            <criteriaItems>
                <field>Accounting_Notes__c.Bad_Debt__c</field>
                <operation>equals</operation>
                <value>False</value>
            </criteriaItems>
            <criteriaItems>
                <field>Accounting_Notes__c.Amount__c</field>
                <operation>greaterThan</operation>
                <value>0</value>
            </criteriaItems>
            <criteriaItems>
                <field>Accounting_Notes__c.Bad_Debt__c</field>
                <operation>equals</operation>
                <value>True</value>
            </criteriaItems>
        </entryCriteria>
        <ifCriteriaNotMet>ApproveRecord</ifCriteriaNotMet>
        <label>Director&apos;s Approval</label>
        <name>Director_s_Approval</name>
        <rejectBehavior>
            <type>RejectRequest</type>
        </rejectBehavior>
        <rejectionActions>
            <action>
                <name>Approver2_Comment_c</name>
                <type>FieldUpdate</type>
            </action>
            <action>
                <name>Approver2_Date_c</name>
                <type>FieldUpdate</type>
            </action>
            <action>
                <name>Approver2_Role_c</name>
                <type>FieldUpdate</type>
            </action>
            <action>
                <name>Approver2_Status_Rejection</name>
                <type>FieldUpdate</type>
            </action>
            <action>
                <name>Update_Approver2_c</name>
                <type>FieldUpdate</type>
            </action>
        </rejectionActions>
    </approvalStep>
    <approvalStep>
        <allowDelegate>false</allowDelegate>
        <approvalActions>
            <action>
                <name>Approver3_Comment_c</name>
                <type>FieldUpdate</type>
            </action>
            <action>
                <name>Approver3_Date_c</name>
                <type>FieldUpdate</type>
            </action>
            <action>
                <name>Approver3_Role_c</name>
                <type>FieldUpdate</type>
            </action>
            <action>
                <name>Approver3_Status_c</name>
                <type>FieldUpdate</type>
            </action>
            <action>
                <name>Send_Approval_Notification_to_Submitter</name>
                <type>Alert</type>
            </action>
            <action>
                <name>Update_Approver3_c</name>
                <type>FieldUpdate</type>
            </action>
        </approvalActions>
        <assignedApprover>
            <approver>
                <name>Executive_Approvers</name>
                <type>queue</type>
            </approver>
            <whenMultipleApprovers>FirstResponse</whenMultipleApprovers>
        </assignedApprover>
        <entryCriteria>
            <booleanFilter>(1 AND 2) OR (3 AND 4)</booleanFilter>
            <criteriaItems>
                <field>Accounting_Notes__c.Amount__c</field>
                <operation>greaterOrEqual</operation>
                <value>20000</value>
            </criteriaItems>
            <criteriaItems>
                <field>Accounting_Notes__c.Bad_Debt__c</field>
                <operation>equals</operation>
                <value>False</value>
            </criteriaItems>
            <criteriaItems>
                <field>Accounting_Notes__c.Amount__c</field>
                <operation>greaterThan</operation>
                <value>0</value>
            </criteriaItems>
            <criteriaItems>
                <field>Accounting_Notes__c.Bad_Debt__c</field>
                <operation>equals</operation>
                <value>True</value>
            </criteriaItems>
        </entryCriteria>
        <label>Head&apos;s Approval</label>
        <name>Ex_Approval</name>
        <rejectBehavior>
            <type>RejectRequest</type>
        </rejectBehavior>
        <rejectionActions>
            <action>
                <name>Approver3_Comment_c</name>
                <type>FieldUpdate</type>
            </action>
            <action>
                <name>Approver3_Date_c</name>
                <type>FieldUpdate</type>
            </action>
            <action>
                <name>Approver3_Role_c</name>
                <type>FieldUpdate</type>
            </action>
            <action>
                <name>Approver3_Status_Rejection</name>
                <type>FieldUpdate</type>
            </action>
            <action>
                <name>Update_Approver3_c</name>
                <type>FieldUpdate</type>
            </action>
        </rejectionActions>
    </approvalStep>
    <description>MVP1.0 Internal Approval Process for Credit Note/Debit Note Issuance</description>
    <emailTemplate>SIM_Email_Templates/SIM_Approval_Rejection_Email_Template</emailTemplate>
    <enableMobileDeviceAccess>false</enableMobileDeviceAccess>
    <entryCriteria>
        <criteriaItems>
            <field>Accounting_Notes__c.Amount__c</field>
            <operation>notEqual</operation>
            <value>0</value>
        </criteriaItems>
        <criteriaItems>
            <field>Accounting_Notes__c.RecordType</field>
            <operation>equals</operation>
            <value>Debit Note,Credit Note,Refund</value>
        </criteriaItems>
    </entryCriteria>
    <finalApprovalActions>
        <action>
            <name>Internally_Approved</name>
            <type>FieldUpdate</type>
        </action>
    </finalApprovalActions>
    <finalApprovalRecordLock>false</finalApprovalRecordLock>
    <finalRejectionActions>
        <action>
            <name>Internally_Rejected</name>
            <type>FieldUpdate</type>
        </action>
        <action>
            <name>Send_Reject_Email_Submitter</name>
            <type>Alert</type>
        </action>
    </finalRejectionActions>
    <finalRejectionRecordLock>false</finalRejectionRecordLock>
    <initialSubmissionActions>
        <action>
            <name>Submitter_Comment_c</name>
            <type>FieldUpdate</type>
        </action>
        <action>
            <name>Update_Internal_Approval_to_Pending</name>
            <type>FieldUpdate</type>
        </action>
        <action>
            <name>Update_Submitter_c</name>
            <type>FieldUpdate</type>
        </action>
        <action>
            <name>Update_Submitter_Date_c</name>
            <type>FieldUpdate</type>
        </action>
        <action>
            <name>Update_Submitter_Role</name>
            <type>FieldUpdate</type>
        </action>
        <action>
            <name>Update_Submitter_Status_c</name>
            <type>FieldUpdate</type>
        </action>
    </initialSubmissionActions>
    <label>Request for Internal Approval</label>
    <processOrder>1</processOrder>
    <recordEditability>AdminOnly</recordEditability>
    <showApprovalHistory>true</showApprovalHistory>
</ApprovalProcess>
