<?xml version="1.0" encoding="UTF-8"?>
<ApprovalProcess xmlns="http://soap.sforce.com/2006/04/metadata">
    <active>true</active>
    <allowRecall>true</allowRecall>
    <allowedSubmitters>
        <type>creator</type>
    </allowedSubmitters>
    <allowedSubmitters>
        <type>owner</type>
    </allowedSubmitters>
    <approvalPageFields>
        <field>Name</field>
        <field>Owner</field>
    </approvalPageFields>
    <approvalStep>
        <allowDelegate>true</allowDelegate>
        <assignedApprover>
            <approver>
                <name>angseaiaw@sim.edu.sg</name>
                <type>user</type>
            </approver>
            <approver>
                <name>desmondho@sim.edu.sg</name>
                <type>user</type>
            </approver>
            <whenMultipleApprovers>FirstResponse</whenMultipleApprovers>
        </assignedApprover>
        <description>Step 1</description>
        <label>Step 1</label>
        <name>Step_1</name>
    </approvalStep>
    <approvalStep>
        <allowDelegate>true</allowDelegate>
        <assignedApprover>
            <approver>
                <name>desmondho@sim.edu.sg</name>
                <type>user</type>
            </approver>
            <whenMultipleApprovers>FirstResponse</whenMultipleApprovers>
        </assignedApprover>
        <description>Step 2</description>
        <entryCriteria>
            <criteriaItems>
                <field>Course_Registration__c.Penalty_Amount__c</field>
                <operation>greaterThan</operation>
                <value>5000</value>
            </criteriaItems>
        </entryCriteria>
        <ifCriteriaNotMet>ApproveRecord</ifCriteriaNotMet>
        <label>Step 2</label>
        <name>Step_2</name>
        <rejectBehavior>
            <type>RejectRequest</type>
        </rejectBehavior>
    </approvalStep>
    <approvalStep>
        <allowDelegate>true</allowDelegate>
        <assignedApprover>
            <approver>
                <name>angseaiaw@sim.edu.sg</name>
                <type>user</type>
            </approver>
            <approver>
                <name>desmondho@sim.edu.sg</name>
                <type>user</type>
            </approver>
            <whenMultipleApprovers>FirstResponse</whenMultipleApprovers>
        </assignedApprover>
        <description>Step 3</description>
        <entryCriteria>
            <criteriaItems>
                <field>Course_Registration__c.Penalty_Amount__c</field>
                <operation>greaterThan</operation>
                <value>20000</value>
            </criteriaItems>
        </entryCriteria>
        <ifCriteriaNotMet>ApproveRecord</ifCriteriaNotMet>
        <label>Step 3</label>
        <name>Step_3</name>
        <rejectBehavior>
            <type>RejectRequest</type>
        </rejectBehavior>
    </approvalStep>
    <approvalStep>
        <allowDelegate>true</allowDelegate>
        <assignedApprover>
            <approver>
                <name>angseaiaw@sim.edu.sg</name>
                <type>user</type>
            </approver>
            <approver>
                <name>desmondho@sim.edu.sg</name>
                <type>user</type>
            </approver>
            <whenMultipleApprovers>FirstResponse</whenMultipleApprovers>
        </assignedApprover>
        <description>Step 4</description>
        <entryCriteria>
            <criteriaItems>
                <field>Course_Registration__c.Penalty_Amount__c</field>
                <operation>greaterThan</operation>
                <value>100000</value>
            </criteriaItems>
        </entryCriteria>
        <ifCriteriaNotMet>ApproveRecord</ifCriteriaNotMet>
        <label>Step 4</label>
        <name>Step_4</name>
        <rejectBehavior>
            <type>RejectRequest</type>
        </rejectBehavior>
    </approvalStep>
    <approvalStep>
        <allowDelegate>true</allowDelegate>
        <assignedApprover>
            <approver>
                <name>desmondho@sim.edu.sg</name>
                <type>user</type>
            </approver>
            <whenMultipleApprovers>FirstResponse</whenMultipleApprovers>
        </assignedApprover>
        <description>Step 5</description>
        <entryCriteria>
            <criteriaItems>
                <field>Course_Registration__c.Penalty_Amount__c</field>
                <operation>greaterThan</operation>
                <value>200000</value>
            </criteriaItems>
        </entryCriteria>
        <label>Step 5</label>
        <name>Step_5</name>
        <rejectBehavior>
            <type>RejectRequest</type>
        </rejectBehavior>
    </approvalStep>
    <description>Penalty Waiver Approval - MVP1.1</description>
    <enableMobileDeviceAccess>false</enableMobileDeviceAccess>
    <entryCriteria>
        <booleanFilter>1 AND 2 AND 3</booleanFilter>
        <criteriaItems>
            <field>Course_Registration__c.Penalty_Waiver_Approval_Status__c</field>
            <operation>equals</operation>
            <value>Draft</value>
        </criteriaItems>
        <criteriaItems>
            <field>Course_Registration__c.Penalty_Amount__c</field>
            <operation>greaterThan</operation>
            <value>0</value>
        </criteriaItems>
        <criteriaItems>
            <field>Course_Registration__c.Registration_Status__c</field>
            <operation>equals</operation>
            <value>New,Confirmed</value>
        </criteriaItems>
    </entryCriteria>
    <finalApprovalActions>
        <action>
            <name>Approved_Penalty_Waiver_Status</name>
            <type>FieldUpdate</type>
        </action>
    </finalApprovalActions>
    <finalApprovalRecordLock>true</finalApprovalRecordLock>
    <finalRejectionActions>
        <action>
            <name>Rejected_Penalty_Waiver_Status</name>
            <type>FieldUpdate</type>
        </action>
    </finalRejectionActions>
    <finalRejectionRecordLock>false</finalRejectionRecordLock>
    <initialSubmissionActions>
        <action>
            <name>Submitted_Penalty_Waiver_Status</name>
            <type>FieldUpdate</type>
        </action>
    </initialSubmissionActions>
    <label>Penalty Waiver Approval</label>
    <processOrder>1</processOrder>
    <recallActions>
        <action>
            <name>Draft_Penalty_Waiver_Status</name>
            <type>FieldUpdate</type>
        </action>
    </recallActions>
    <recordEditability>AdminOnly</recordEditability>
    <showApprovalHistory>false</showApprovalHistory>
</ApprovalProcess>
