<?xml version="1.0" encoding="UTF-8"?>
<ApprovalProcess xmlns="http://soap.sforce.com/2006/04/metadata">
    <active>true</active>
    <allowRecall>true</allowRecall>
    <allowedSubmitters>
        <type>creator</type>
    </allowedSubmitters>
    <allowedSubmitters>
        <type>owner</type>
    </allowedSubmitters>
    <approvalPageFields>
        <field>Name</field>
    </approvalPageFields>
    <approvalStep>
        <allowDelegate>true</allowDelegate>
        <assignedApprover>
            <approver>
                <name>sengkimee@sim.edu.sg</name>
                <type>user</type>
            </approver>
            <whenMultipleApprovers>FirstResponse</whenMultipleApprovers>
        </assignedApprover>
        <description>Step 1</description>
        <label>Step 1</label>
        <name>Step_1</name>
    </approvalStep>
    <approvalStep>
        <allowDelegate>true</allowDelegate>
        <assignedApprover>
            <approver>
                <name>sharonkoh@sim.edu.sg</name>
                <type>user</type>
            </approver>
            <whenMultipleApprovers>FirstResponse</whenMultipleApprovers>
        </assignedApprover>
        <description>Step 2</description>
        <entryCriteria>
            <criteriaItems>
                <field>Invoice_Discount__c.Amount__c</field>
                <operation>greaterThan</operation>
                <value>5000</value>
            </criteriaItems>
        </entryCriteria>
        <ifCriteriaNotMet>ApproveRecord</ifCriteriaNotMet>
        <label>Step 2</label>
        <name>Step_2</name>
        <rejectBehavior>
            <type>RejectRequest</type>
        </rejectBehavior>
    </approvalStep>
    <approvalStep>
        <allowDelegate>true</allowDelegate>
        <assignedApprover>
            <approver>
                <name>kevynyong@sim.edu.sg</name>
                <type>user</type>
            </approver>
            <whenMultipleApprovers>FirstResponse</whenMultipleApprovers>
        </assignedApprover>
        <description>Step 3</description>
        <entryCriteria>
            <criteriaItems>
                <field>Invoice_Discount__c.Amount__c</field>
                <operation>greaterThan</operation>
                <value>20000</value>
            </criteriaItems>
        </entryCriteria>
        <ifCriteriaNotMet>ApproveRecord</ifCriteriaNotMet>
        <label>Step 3</label>
        <name>Step_3</name>
        <rejectBehavior>
            <type>RejectRequest</type>
        </rejectBehavior>
    </approvalStep>
    <approvalStep>
        <allowDelegate>true</allowDelegate>
        <assignedApprover>
            <approver>
                <name>seahchinsiong@sim.edu.sg</name>
                <type>user</type>
            </approver>
            <whenMultipleApprovers>FirstResponse</whenMultipleApprovers>
        </assignedApprover>
        <description>Step 4</description>
        <entryCriteria>
            <criteriaItems>
                <field>Invoice_Discount__c.Amount__c</field>
                <operation>greaterThan</operation>
                <value>100000</value>
            </criteriaItems>
        </entryCriteria>
        <ifCriteriaNotMet>ApproveRecord</ifCriteriaNotMet>
        <label>Step 4</label>
        <name>Step_4</name>
        <rejectBehavior>
            <type>RejectRequest</type>
        </rejectBehavior>
    </approvalStep>
    <approvalStep>
        <allowDelegate>true</allowDelegate>
        <assignedApprover>
            <approver>
                <name>seahchinsiong@sim.edu.sg</name>
                <type>user</type>
            </approver>
            <whenMultipleApprovers>FirstResponse</whenMultipleApprovers>
        </assignedApprover>
        <description>Step 5</description>
        <entryCriteria>
            <criteriaItems>
                <field>Invoice_Discount__c.Amount__c</field>
                <operation>greaterThan</operation>
                <value>200000</value>
            </criteriaItems>
        </entryCriteria>
        <label>Step 5</label>
        <name>Step_5</name>
        <rejectBehavior>
            <type>RejectRequest</type>
        </rejectBehavior>
    </approvalStep>
    <description>Invoice Discount Approval Process - MVP1.1</description>
    <enableMobileDeviceAccess>false</enableMobileDeviceAccess>
    <entryCriteria>
        <booleanFilter>1 AND 2 AND 3 AND 4</booleanFilter>
        <criteriaItems>
            <field>Invoice_Discount__c.Amount__c</field>
            <operation>greaterThan</operation>
            <value>0</value>
        </criteriaItems>
        <criteriaItems>
            <field>Invoice_Discount__c.System_Generated__c</field>
            <operation>equals</operation>
            <value>False</value>
        </criteriaItems>
        <criteriaItems>
            <field>Invoice_Discount__c.Standard_Discount__c</field>
            <operation>equals</operation>
            <value>False</value>
        </criteriaItems>
        <criteriaItems>
            <field>Invoice_Discount__c.Internal_Approval_Status__c</field>
            <operation>equals</operation>
            <value>Draft</value>
        </criteriaItems>
    </entryCriteria>
    <finalApprovalActions>
        <action>
            <name>Approved_Appr_Status_Invoice_Discount</name>
            <type>FieldUpdate</type>
        </action>
        <action>
            <name>Send_Email_Invoice_Discount_to_Owner_PE</name>
            <type>Alert</type>
        </action>
    </finalApprovalActions>
    <finalApprovalRecordLock>true</finalApprovalRecordLock>
    <finalRejectionActions>
        <action>
            <name>Rejected_Appr_Status_Invoice_Discount</name>
            <type>FieldUpdate</type>
        </action>
    </finalRejectionActions>
    <finalRejectionRecordLock>false</finalRejectionRecordLock>
    <initialSubmissionActions>
        <action>
            <name>Pending_Approval_Status_Invoice_Discount</name>
            <type>FieldUpdate</type>
        </action>
    </initialSubmissionActions>
    <label>Invoice Discount Approval Process</label>
    <processOrder>1</processOrder>
    <recallActions>
        <action>
            <name>Draft_Approval_Status</name>
            <type>FieldUpdate</type>
        </action>
    </recallActions>
    <recordEditability>AdminOnly</recordEditability>
    <showApprovalHistory>false</showApprovalHistory>
</ApprovalProcess>
