<?xml version="1.0" encoding="UTF-8"?>
<ConnectedApp xmlns="http://soap.sforce.com/2006/04/metadata">
    <contactEmail>desmondho@sim.edu.sg</contactEmail>
    <label>Inbound Connected App</label>
    <oauthConfig>
        <callbackUrl>https://simdigital.force.com/s/</callbackUrl>
        <consumerKey>3MVG9n_HvETGhr3BcIXNXdF_j3O4NUsSZWkWqe.eNx7KU4qA5ihUzC8XcH_jbKZPzkd97opCm9b7EeBzUAxJz</consumerKey>
        <isAdminApproved>true</isAdminApproved>
        <isConsumerSecretOptional>false</isConsumerSecretOptional>
        <isIntrospectAllTokens>false</isIntrospectAllTokens>
        <isSecretRequiredForRefreshToken>true</isSecretRequiredForRefreshToken>
        <scopes>OpenID</scopes>
    </oauthConfig>
    <oauthPolicy>
        <ipRelaxation>ENFORCE</ipRelaxation>
        <refreshTokenPolicy>zero</refreshTokenPolicy>
    </oauthPolicy>
    <profileName>System Administrator</profileName>
    <profileName>B2B Learner</profileName>
    <profileName>B2B SPOC</profileName>
    <profileName>B2C Learner</profileName>
    <profileName>SIM Business Admin</profileName>
    <profileName>SIM PD CFS Approvers</profileName>
    <profileName>SIM Sales Admin</profileName>
    <profileName>SIM Read Only</profileName>
    <profileName>CP SPOC</profileName>
</ConnectedApp>
