<?xml version="1.0" encoding="UTF-8"?>
<ConnectedApp xmlns="http://soap.sforce.com/2006/04/metadata">
    <contactEmail>integration@sf.ms.sim.edu.sg</contactEmail>
    <label>Mulesoft Anypoint</label>
    <oauthConfig>
        <callbackUrl>https://localhost:81</callbackUrl>
        <consumerKey>3MVG9n_HvETGhr3BcIXNXdF_j3G.9xdIjcpOoAHOWZrkvt.B4OTNOikiB3cB2rb3Le0nwRW.GKot.vv08zPqV</consumerKey>
        <isAdminApproved>false</isAdminApproved>
        <isConsumerSecretOptional>false</isConsumerSecretOptional>
        <isIntrospectAllTokens>false</isIntrospectAllTokens>
        <isSecretRequiredForRefreshToken>false</isSecretRequiredForRefreshToken>
        <scopes>Api</scopes>
        <scopes>RefreshToken</scopes>
    </oauthConfig>
    <oauthPolicy>
        <ipRelaxation>ENFORCE</ipRelaxation>
        <refreshTokenPolicy>infinite</refreshTokenPolicy>
    </oauthPolicy>
</ConnectedApp>
