<?xml version="1.0" encoding="UTF-8"?>
<AuthProvider xmlns="http://soap.sforce.com/2006/04/metadata">
    <errorUrl>https://ap16.salesforce.com/clients/mailapp/gmail/oauth/error</errorUrl>
    <friendlyName>Lightning For Gmail</friendlyName>
    <includeOrgIdInIdentifier>false</includeOrgIdInIdentifier>
    <providerType>Google</providerType>
    <sendAccessTokenInHeader>false</sendAccessTokenInHeader>
    <sendClientCredentialsInHeader>false</sendClientCredentialsInHeader>
    <sendSecretInApis>false</sendSecretInApis>
</AuthProvider>
