<?xml version="1.0" encoding="UTF-8"?>
<AutoResponseRules xmlns="http://soap.sforce.com/2006/04/metadata">
    <autoResponseRule>
        <fullName>SIM PD Lead Auto Response Rule</fullName>
        <active>true</active>
        <ruleEntry>
            <criteriaItems>
                <field>Lead.Course_Provider__c</field>
                <operation>equals</operation>
                <value>SCTP</value>
            </criteriaItems>
            <criteriaItems>
                <field>Lead.RecordTypeId</field>
                <operation>equals</operation>
                <value>PD Lead</value>
            </criteriaItems>
            <senderEmail>simdigital_noreply@sim.edu.sg</senderEmail>
            <senderName>simdigital_noreply</senderName>
            <template>unfiled$public/SIM_PD_Leads_Web_to_Lead_email_response_SCTP</template>
        </ruleEntry>
        <ruleEntry>
            <criteriaItems>
                <field>Lead.RecordTypeId</field>
                <operation>equals</operation>
                <value>PD Lead</value>
            </criteriaItems>
            <criteriaItems>
                <field>Lead.Enquiry_Type__c</field>
                <operation>equals</operation>
                <value>Get an e-copy of the Programmes Directory</value>
            </criteriaItems>
            <criteriaItems>
                <field>Lead.Course_Provider__c</field>
                <operation>equals</operation>
                <value>SGUS</value>
            </criteriaItems>
            <criteriaItems>
                <field>Lead.Key_Category__c</field>
                <operation>equals</operation>
                <value>SGUS Logistic</value>
            </criteriaItems>
            <senderEmail>simdigital_noreply@sim.edu.sg</senderEmail>
            <senderName>simdigital_noreply</senderName>
            <template>unfiled$public/SIM_PD_Leads_Web_to_Lead_email_response_SGUS_Logistic</template>
        </ruleEntry>
        <ruleEntry>
            <criteriaItems>
                <field>Lead.RecordTypeId</field>
                <operation>equals</operation>
                <value>PD Lead</value>
            </criteriaItems>
            <criteriaItems>
                <field>Lead.Enquiry_Type__c</field>
                <operation>equals</operation>
                <value>Get an e-copy of the Programmes Directory</value>
            </criteriaItems>
            <criteriaItems>
                <field>Lead.Course_Provider__c</field>
                <operation>equals</operation>
                <value>SGUS</value>
            </criteriaItems>
            <criteriaItems>
                <field>Lead.Key_Category__c</field>
                <operation>equals</operation>
                <value>SGUS Advanced Manufacturing</value>
            </criteriaItems>
            <senderEmail>simdigital_noreply@sim.edu.sg</senderEmail>
            <senderName>simdigital_noreply</senderName>
            <template>unfiled$public/SIM_PD_Leads_Web_to_Lead_email_response_SGUS_Advanced_Manufacturing</template>
        </ruleEntry>
        <ruleEntry>
            <criteriaItems>
                <field>Lead.RecordTypeId</field>
                <operation>equals</operation>
                <value>PD Lead</value>
            </criteriaItems>
            <criteriaItems>
                <field>Lead.Key_Category__c</field>
                <operation>equals</operation>
                <value>RMIT Online</value>
            </criteriaItems>
            <criteriaItems>
                <field>Lead.LeadSource</field>
                <operation>equals</operation>
                <value>Web Form</value>
            </criteriaItems>
            <senderEmail>simdigital_noreply@sim.edu.sg</senderEmail>
            <senderName>simdigital_noreply</senderName>
            <template>unfiled$public/SIM_PD_Leads_Web_to_Lead_email_response_RMIT_Online</template>
        </ruleEntry>
        <ruleEntry>
            <booleanFilter>1 AND 2 AND 3 AND 4</booleanFilter>
            <criteriaItems>
                <field>Lead.RecordTypeId</field>
                <operation>equals</operation>
                <value>PD Lead</value>
            </criteriaItems>
            <criteriaItems>
                <field>Lead.Web_Form_Type__c</field>
                <operation>notEqual</operation>
                <value>SIM Brochure Form</value>
            </criteriaItems>
            <criteriaItems>
                <field>Lead.Web_Form_Type__c</field>
                <operation>notEqual</operation>
                <value>Trainer Application</value>
            </criteriaItems>
            <criteriaItems>
                <field>Lead.Campaign_Name__c</field>
                <operation>notEqual</operation>
                <value>pdel-mbti-quiz</value>
            </criteriaItems>
            <senderEmail>simdigital_noreply@sim.edu.sg</senderEmail>
            <senderName>simdigital_noreply</senderName>
            <template>SIM_Email_Templates/SIM_PD_Leads_Web_to_Lead_email_response</template>
        </ruleEntry>
        <ruleEntry>
            <criteriaItems>
                <field>Lead.RecordTypeId</field>
                <operation>equals</operation>
                <value>PD Lead</value>
            </criteriaItems>
            <criteriaItems>
                <field>Lead.Web_Form_Type__c</field>
                <operation>equals</operation>
                <value>SIM Brochure Form</value>
            </criteriaItems>
            <criteriaItems>
                <field>Lead.Course_Provider__c</field>
                <operation>notEqual</operation>
                <value>RMIT</value>
            </criteriaItems>
            <senderEmail>simdigital_noreply@sim.edu.sg</senderEmail>
            <senderName>simdigital_noreply</senderName>
            <template>SIM_Email_Templates/SIM_PD_Leads_Web_to_Lead_email_response_Brochure</template>
        </ruleEntry>
        <ruleEntry>
            <criteriaItems>
                <field>Lead.RecordTypeId</field>
                <operation>equals</operation>
                <value>PD Lead</value>
            </criteriaItems>
            <criteriaItems>
                <field>Lead.Web_Form_Type__c</field>
                <operation>equals</operation>
                <value>SIM Brochure Form</value>
            </criteriaItems>
            <criteriaItems>
                <field>Lead.Course_Provider__c</field>
                <operation>equals</operation>
                <value>RMIT</value>
            </criteriaItems>
            <senderEmail>simdigital_noreply@sim.edu.sg</senderEmail>
            <senderName>simdigital_noreply</senderName>
            <template>SIM_Email_Templates/SIM_PD_Leads_Web_to_Lead_email_response_Brochure_Individual</template>
        </ruleEntry>
        <ruleEntry>
            <criteriaItems>
                <field>Lead.Enquiry_Type__c</field>
                <operation>equals</operation>
                <value>Download Brochure</value>
            </criteriaItems>
            <criteriaItems>
                <field>Lead.RecordTypeId</field>
                <operation>equals</operation>
                <value>CSL Lead</value>
            </criteriaItems>
            <senderEmail>simdigital_noreply@sim.edu.sg</senderEmail>
            <senderName>simdigital_noreply</senderName>
            <template>SIM_Email_Templates/SIM_CSL_Download_Brochure</template>
        </ruleEntry>
        <ruleEntry>
            <criteriaItems>
                <field>Lead.RecordTypeId</field>
                <operation>equals</operation>
                <value>CSL Lead</value>
            </criteriaItems>
            <senderEmail>simdigital_noreply@sim.edu.sg</senderEmail>
            <senderName>simdigital_noreply</senderName>
            <template>SIM_Email_Templates/SIM_PD_Leads_Web_to_Lead_email_response</template>
        </ruleEntry>
    </autoResponseRule>
</AutoResponseRules>
