<?xml version="1.0" encoding="UTF-8"?>
<EntitlementProcess xmlns="http://soap.sforce.com/2006/04/metadata">
    <SObjectType>Case</SObjectType>
    <active>true</active>
    <businessHours>Default</businessHours>
    <description>MVP1.0 SIM PD Entitlement Process</description>
    <entryStartDateField>Case.CreatedDate</entryStartDateField>
    <exitCriteriaFilterItems>
        <field>Case.Status</field>
        <operation>equals</operation>
        <value>Closed</value>
    </exitCriteriaFilterItems>
    <isVersionDefault>false</isVersionDefault>
    <milestones>
        <businessHours>Default</businessHours>
        <milestoneCriteriaFilterItems>
            <field>Case.RecordTypeId</field>
            <operation>equals</operation>
            <value>PD Case</value>
        </milestoneCriteriaFilterItems>
        <milestoneCriteriaFilterItems>
            <field>Case.Status</field>
            <operation>equals</operation>
            <value>New, Assigned, In-Progress, Pending Customer, Re-open</value>
        </milestoneCriteriaFilterItems>
        <milestoneCriteriaFilterItems>
            <field>Case.Status</field>
            <operation>notEqual</operation>
            <value>Closed</value>
        </milestoneCriteriaFilterItems>
        <milestoneName>SIM PD Case Milestone %3A Medium</milestoneName>
        <minutesToComplete>7200</minutesToComplete>
        <useCriteriaStartTime>true</useCriteriaStartTime>
    </milestones>
    <name>SIM PD Entitlement Process</name>
    <versionMaster>5522w000000538O</versionMaster>
    <versionNotes>MVP1.0 SIM PD Entitlement Process</versionNotes>
    <versionNumber>1</versionNumber>
</EntitlementProcess>
