<?xml version="1.0" encoding="UTF-8"?>
<AssignmentRules xmlns="http://soap.sforce.com/2006/04/metadata">
    <assignmentRule>
        <fullName>SIM PD Lead Assignment Rule</fullName>
        <active>true</active>
        <ruleEntry>
            <assignedTo>jowenechan@sim.edu.sg</assignedTo>
            <assignedToType>User</assignedToType>
            <criteriaItems>
                <field>Lead.RecordTypeId</field>
                <operation>equals</operation>
                <value>PD Lead</value>
            </criteriaItems>
            <criteriaItems>
                <field>Lead.Enquiry_Type__c</field>
                <operation>equals</operation>
                <value>Get an e-copy of the Programmes Directory</value>
            </criteriaItems>
            <criteriaItems>
                <field>Lead.Course_Provider__c</field>
                <operation>equals</operation>
                <value>SGUS</value>
            </criteriaItems>
            <criteriaItems>
                <field>Lead.LeadSource</field>
                <operation>equals</operation>
                <value>Web Form</value>
            </criteriaItems>
            <criteriaItems>
                <field>Lead.Key_Category__c</field>
                <operation>equals</operation>
                <value>SGUS Advanced Manufacturing,SGUS Logistic</value>
            </criteriaItems>
            <template>SIM_Email_Templates/SIM_PD_Leads_New_assignment_notification_SAMPLE</template>
        </ruleEntry>
        <ruleEntry>
            <assignedTo>jowenechan@sim.edu.sg</assignedTo>
            <assignedToType>User</assignedToType>
            <criteriaItems>
                <field>Lead.RecordTypeId</field>
                <operation>equals</operation>
                <value>PD Lead</value>
            </criteriaItems>
            <criteriaItems>
                <field>Lead.Year_of_Experiences__c</field>
                <operation>greaterOrEqual</operation>
                <value>0</value>
            </criteriaItems>
            <template>SIM_Email_Templates/SIM_PD_Leads_New_assignment_notification_SAMPLE</template>
        </ruleEntry>
        <ruleEntry>
            <assignedTo>colinkwok@sim.edu.sg</assignedTo>
            <assignedToType>User</assignedToType>
            <booleanFilter>1 AND ((2 AND 3) OR (4 AND 5))</booleanFilter>
            <criteriaItems>
                <field>Lead.RecordTypeId</field>
                <operation>equals</operation>
                <value>PD Lead</value>
            </criteriaItems>
            <criteriaItems>
                <field>Lead.Enquiry_Type__c</field>
                <operation>equals</operation>
                <value>Get an e-copy of the Programmes Directory</value>
            </criteriaItems>
            <criteriaItems>
                <field>Lead.Course_Provider__c</field>
                <operation>equals</operation>
                <value>RMIT</value>
            </criteriaItems>
            <criteriaItems>
                <field>Lead.Key_Category__c</field>
                <operation>equals</operation>
                <value>RMIT Online</value>
            </criteriaItems>
            <criteriaItems>
                <field>Lead.LeadSource</field>
                <operation>equals</operation>
                <value>Web Form</value>
            </criteriaItems>
            <template>SIM_Email_Templates/SIM_PD_Leads_New_assignment_notification_SAMPLE</template>
        </ruleEntry>
        <ruleEntry>
            <assignedTo>colinkwok@sim.edu.sg</assignedTo>
            <assignedToType>User</assignedToType>
            <criteriaItems>
                <field>Lead.RecordTypeId</field>
                <operation>equals</operation>
                <value>PD Lead</value>
            </criteriaItems>
            <criteriaItems>
                <field>Lead.Enquiry_Type__c</field>
                <operation>equals</operation>
                <value>Get an e-copy of the Programmes Directory</value>
            </criteriaItems>
            <template>SIM_Email_Templates/SIM_PD_Leads_New_assignment_notification_SAMPLE</template>
        </ruleEntry>
        <ruleEntry>
            <assignedTo>colinkwok@sim.edu.sg</assignedTo>
            <assignedToType>User</assignedToType>
            <criteriaItems>
                <field>Lead.RecordTypeId</field>
                <operation>equals</operation>
                <value>PD Lead</value>
            </criteriaItems>
            <criteriaItems>
                <field>Lead.Enquiry_Type__c</field>
                <operation>equals</operation>
                <value>Online Learning</value>
            </criteriaItems>
            <template>SIM_Email_Templates/SIM_PD_Leads_New_assignment_notification_SAMPLE</template>
        </ruleEntry>
        <ruleEntry>
            <assignedTo>joanlim@sim.edu.sg</assignedTo>
            <assignedToType>User</assignedToType>
            <criteriaItems>
                <field>Lead.RecordTypeId</field>
                <operation>equals</operation>
                <value>PD Lead</value>
            </criteriaItems>
            <criteriaItems>
                <field>Lead.Enquiry_Type__c</field>
                <operation>equals</operation>
                <value>Customised Programmes</value>
            </criteriaItems>
            <template>SIM_Email_Templates/SIM_PD_Leads_New_assignment_notification_SAMPLE</template>
        </ruleEntry>
        <ruleEntry>
            <assignedTo>joanlim@sim.edu.sg</assignedTo>
            <assignedToType>User</assignedToType>
            <criteriaItems>
                <field>Lead.RecordTypeId</field>
                <operation>equals</operation>
                <value>PD Lead</value>
            </criteriaItems>
            <criteriaItems>
                <field>Lead.Enquiry_Type__c</field>
                <operation>equals</operation>
                <value>International Learning</value>
            </criteriaItems>
            <template>SIM_Email_Templates/SIM_PD_Leads_New_assignment_notification_SAMPLE</template>
        </ruleEntry>
        <ruleEntry>
            <assignedTo>colinkwok@sim.edu.sg</assignedTo>
            <assignedToType>User</assignedToType>
            <criteriaItems>
                <field>Lead.RecordTypeId</field>
                <operation>equals</operation>
                <value>PD Lead</value>
            </criteriaItems>
            <criteriaItems>
                <field>Lead.Enquiry_Type__c</field>
                <operation>equals</operation>
                <value>Other Enquiry</value>
            </criteriaItems>
            <criteriaItems>
                <field>Lead.Web_Form_Type__c</field>
                <operation>notEqual</operation>
                <value>Trainer Application</value>
            </criteriaItems>
            <template>SIM_Email_Templates/SIM_PD_Leads_New_assignment_notification_SAMPLE</template>
        </ruleEntry>
        <ruleEntry>
            <assignedTo>colinkwok@sim.edu.sg</assignedTo>
            <assignedToType>User</assignedToType>
            <criteriaItems>
                <field>Lead.RecordTypeId</field>
                <operation>equals</operation>
                <value>PD Lead</value>
            </criteriaItems>
            <criteriaItems>
                <field>Lead.Enquiry_Type__c</field>
                <operation>equals</operation>
                <value>Campus Learning – Open enrolment programmes</value>
            </criteriaItems>
            <template>SIM_Email_Templates/SIM_PD_Leads_New_assignment_notification_SAMPLE</template>
        </ruleEntry>
        <ruleEntry>
            <assignedTo>michellepoh@sim.edu.sg</assignedTo>
            <assignedToType>User</assignedToType>
            <criteriaItems>
                <field>Lead.RecordTypeId</field>
                <operation>equals</operation>
                <value>PD Lead</value>
            </criteriaItems>
            <criteriaItems>
                <field>Lead.Web_Form_Type__c</field>
                <operation>equals</operation>
                <value>Trainer Application</value>
            </criteriaItems>
            <template>SIM_Email_Templates/SIM_PD_Leads_New_assignment_notification_SAMPLE</template>
        </ruleEntry>
        <ruleEntry>
            <assignedTo>yewleiching@sim.edu.sg</assignedTo>
            <assignedToType>User</assignedToType>
            <criteriaItems>
                <field>Lead.RecordTypeId</field>
                <operation>equals</operation>
                <value>CSL Lead</value>
            </criteriaItems>
            <criteriaItems>
                <field>Lead.Enquiry_Type__c</field>
                <operation>equals</operation>
                <value>Mailing List</value>
            </criteriaItems>
            <template>SIM_Email_Templates/SIM_PD_Leads_New_assignment_notification_SAMPLE</template>
        </ruleEntry>
    </assignmentRule>
</AssignmentRules>
