<?xml version="1.0" encoding="UTF-8"?>
<CustomApplication xmlns="http://soap.sforce.com/2006/04/metadata">
    <brand>
        <headerColor>#0070D2</headerColor>
        <shouldOverrideOrgTheme>false</shouldOverrideOrgTheme>
    </brand>
    <formFactors>Small</formFactors>
    <formFactors>Large</formFactors>
    <isNavAutoTempTabsDisabled>true</isNavAutoTempTabsDisabled>
    <isNavPersonalizationDisabled>true</isNavPersonalizationDisabled>
    <label>SGUS Data Input</label>
    <navType>Standard</navType>
    <tabs>apsona__Apsona</tabs>
    <tabs>standard-report</tabs>
    <tabs>SCTP_Data_Input__c</tabs>
    <tabs>Category_Master__c</tabs>
    <uiType>Lightning</uiType>
    <utilityBar>SGUS_Data_Input_UtilityBar</utilityBar>
</CustomApplication>
