<?xml version="1.0" encoding="UTF-8"?>
<CustomApplication xmlns="http://soap.sforce.com/2006/04/metadata">
    <defaultLandingTab>standard-Campaign</defaultLandingTab>
    <isNavAutoTempTabsDisabled>false</isNavAutoTempTabsDisabled>
    <isNavPersonalizationDisabled>false</isNavPersonalizationDisabled>
    <tabs>standard-Campaign</tabs>
    <tabs>standard-Lead</tabs>
    <tabs>standard-Contact</tabs>
    <tabs>standard-Account</tabs>
    <tabs>standard-report</tabs>
    <tabs>standard-Dashboard</tabs>
    <tabs>standard-Chatter</tabs>
    <tabs>standard-File</tabs>
    <tabs>standard-Quote</tabs>
    <tabs>JobTechData__c</tabs>
    <tabs>JobTechSkill__c</tabs>
    <tabs>SCTP_Data_Input__c</tabs>
    <tabs>Category_Master__c</tabs>
</CustomApplication>
