<?xml version="1.0" encoding="UTF-8"?>
<CustomApplication xmlns="http://soap.sforce.com/2006/04/metadata">
    <formFactors>Large</formFactors>
    <isNavAutoTempTabsDisabled>false</isNavAutoTempTabsDisabled>
    <isNavPersonalizationDisabled>false</isNavPersonalizationDisabled>
    <label>Salesforce CMS</label>
    <navType>Console</navType>
    <tabs>standard-CmsAuthorHome</tabs>
    <tabs>standard-CmsChannel</tabs>
    <tabs>standard-CmsWorkspaces</tabs>
    <tabs>standard-CmsExperiences</tabs>
    <tabs>JobTechData__c</tabs>
    <tabs>JobTechSkill__c</tabs>
    <tabs>SCTP_Data_Input__c</tabs>
    <tabs>Category_Master__c</tabs>
    <uiType>Lightning</uiType>
    <workspaceConfig>
        <mappings>
            <tab>Category_Master__c</tab>
        </mappings>
        <mappings>
            <tab>JobTechData__c</tab>
        </mappings>
        <mappings>
            <tab>JobTechSkill__c</tab>
        </mappings>
        <mappings>
            <tab>SCTP_Data_Input__c</tab>
        </mappings>
        <mappings>
            <tab>standard-CmsAuthorHome</tab>
        </mappings>
        <mappings>
            <tab>standard-CmsChannel</tab>
        </mappings>
        <mappings>
            <tab>standard-CmsExperiences</tab>
        </mappings>
        <mappings>
            <tab>standard-CmsWorkspaces</tab>
        </mappings>
    </workspaceConfig>
</CustomApplication>
