<?xml version="1.0" encoding="UTF-8"?>
<CustomApplication xmlns="http://soap.sforce.com/2006/04/metadata">
    <formFactors>Large</formFactors>
    <isNavAutoTempTabsDisabled>false</isNavAutoTempTabsDisabled>
    <isNavPersonalizationDisabled>false</isNavPersonalizationDisabled>
    <label>LightningInstrumentation</label>
    <navType>Standard</navType>
    <tabs>standard-LightningInstrumentation</tabs>
    <tabs>JobTechData__c</tabs>
    <tabs>JobTechSkill__c</tabs>
    <tabs>SCTP_Data_Input__c</tabs>
    <tabs>Category_Master__c</tabs>
    <uiType>Lightning</uiType>
</CustomApplication>
